"Sim","Collapse","B0","MSY","M","h","ABC_SB_SB0","ABC_SB_SBMSY","ABC_HR_HRMSY","MaxH","CPUE_RMSE","CPUE_Res_Recent","OM_SB_SBMSY","OM_SB_SBMSY_MP","Catch_MSY"
1,FALSE,82566.2958452211,38352.9024192572,0.0750352112000264,0.856041647233123,0.42464092887967,1.85952275145031,0.935256572106567,0.119714932367844,0.228856191180709,0.0306169516498813,2.29078035770386,0.604501229341776,1.08429864174033
2,FALSE,91560.4962029487,41591.887225302,0.077012210485541,0.826977377962901,0.453674583530657,2.04643603251353,0.957367339419346,0.192385582467056,0.231537947964177,0.0322008395007808,2.27557357958329,1.00548343573663,0.999858452556623
3,FALSE,106908.280968027,45676.9974553817,0.0692680723610598,0.865686770645347,0.503834892381001,2.24612037226511,0.843530294945838,0.23054929918011,0.226758570661867,-0.0444580631909337,2.72811199067724,1.99664031047692,0.910436375346741
4,FALSE,110437.833168742,47150.4897397175,0.0749249545741773,0.809213026983607,0.542876691490219,2.51010868314298,0.660563181163158,0.125590965932296,0.223360663480872,-0.0102974965317719,2.54528642951265,1.40838750821906,0.881984476292083
5,FALSE,106337.825992556,47802.933825806,0.0756799351797013,0.81358398184698,0.4448743198089,2.0766637461332,0.597673266808524,0.0718067086608012,0.229129431967383,-0.055681423620118,2.15442294855399,1.8325814541007,0.869946605192465
6,FALSE,119625.323710406,49466.7446455344,0.0733025667339546,0.791822639329906,0.459019716575999,2.24024609180027,0.54089357658479,0.0795581394380193,0.235444898779213,-0.0412240390416698,2.05775634659934,2.15452182589255,0.840686006285522
7,FALSE,108443.950372344,47049.625758006,0.0722333091054511,0.829124069778736,0.46822670869189,2.17628102686321,0.638721344859013,0.0809973675391676,0.228166352711236,-0.0112254358935794,2.30583297716785,1.29934514058292,0.883875255754264
8,FALSE,90658.5731365229,37309.1622046454,0.0756648329026663,0.756842156841312,0.353321526493076,1.80308692406271,0.920924252584068,0.143571536746172,0.254763269041446,0.0806084410237617,1.44770386578716,1.10450977081584,1.1146323729248
9,FALSE,75155.894629667,31859.9032018975,0.0796742417865983,0.749839548575562,0.255000412689639,1.27162356594047,1.56434920152071,0.25718595686785,0.272763642293172,0.155489953139002,1.00362127990395,0.756370383226232,1.30527703541557
10,FALSE,113505.459500428,47223.0326068696,0.0711405462558727,0.815373814866934,0.531132985555373,2.52735305397049,0.545137730605894,0.0804427131465012,0.230275432739539,-0.0716246995014805,2.50669934771349,3.15182187766054,0.880629593321596
11,FALSE,91113.5574157393,41805.7726604054,0.0738775796573803,0.844056472605894,0.514929234976895,2.31664809874751,0.731534944153982,0.100676602767463,0.228192416609143,-0.0369515025682556,2.66258101140427,1.24720132977498,0.99474300685241
12,FALSE,93666.340118077,47465.6097760793,0.0722050968974017,0.918596103269697,0.456196001594666,1.90307839994437,0.703859779640694,0.140156224935432,0.232311297730857,-0.0297951451600976,3.17743290350089,3.7923768377889,0.876129058410572
13,TRUE,61104.855675931,25531.1439384225,0.0815967134150244,0.701176940971827,0.00139508774040898,0.00768494705642836,10.2820662721812,0.9,0.921998659397124,1.25711778542192,0.0100349621627485,2.45826651013145e-05,1.62883418386186
14,TRUE,65738.0445385692,29755.2916297977,0.0790845832121099,0.787989803594069,0.164763871394165,0.77606890968252,2.16913635208025,0.322804683232051,0.344939985963954,0.356736921657009,0.694991491400691,0.000246134651495435,1.39760014848433
15,FALSE,78029.8416859859,31831.7283679276,0.0732768329225825,0.779924496936132,0.264936014514389,1.32011460466266,1.31743466472876,0.202443908402135,0.268614920057728,0.185406972644716,1.11092547497301,1.39918313986604,1.30643235954163
16,FALSE,75729.0317237077,31306.8973349178,0.0742824806928406,0.778363225695793,0.246755697721534,1.22352593847786,1.42760229470907,0.219174681848176,0.27887892419727,0.212744308315184,1.02994248200326,0.287333164760699,1.3283334836767
17,FALSE,83710.5213289521,37055.7655484787,0.0709294726407827,0.855281379657568,0.34600433816893,1.56704690533266,1.00932101879757,0.154483866290898,0.238953210200864,0.0768552540554025,1.79494105648845,0.72945423117866,1.12225450977648
18,FALSE,80064.5488444892,33492.2496800907,0.0724147234895723,0.804733440947825,0.296289669708693,1.4257988885095,1.18430258868525,0.181933724889368,0.254150628060946,0.14015819902058,1.32447998862449,1.18133694322532,1.24166039597873
19,FALSE,81173.8136668188,33232.0825232085,0.071954975712382,0.795544034096033,0.296985153263842,1.45536048697895,1.16653272031467,0.179087225893713,0.253895678110414,0.139889951827355,1.29540770021101,0.787635779279833,1.25138110050603
20,TRUE,71469.1145686014,29251.9459227704,0.0762378794926664,0.752475282851928,0.185588675863128,0.95142151592873,1.83680634948459,0.278558494508176,0.325203131390153,0.321476741993855,0.722309954160399,0.00479258035931131,1.42164901131
21,TRUE,68655.5705462243,29019.3528708547,0.0783238956720368,0.756543554388919,0.185303029991972,0.919499252985304,2.12287775894801,0.370177462515564,0.338610910195693,0.356459100705602,0.700140923463777,0.0163276901550158,1.43304367209947
22,FALSE,86733.9753223637,39032.5809980205,0.0728387793868798,0.843237954574168,0.360561751845896,1.63761463109497,0.868515998814922,0.117641684903634,0.242201852756287,0.0464486983144301,1.83510588310818,2.16731803851543,1.06541763154502
23,TRUE,73963.6470450311,31543.07225028,0.0784572277013702,0.757464637765337,0.276570631831339,1.38000481371338,1.24370928490543,0.16181343036389,0.266234378836954,0.147715747222795,1.13654865278486,0.0519109747654601,1.31838774834721
24,FALSE,102760.548609128,40275.1742258545,0.0659855806985171,0.823413122250753,0.409039406116288,2.00553367506304,0.675547057833988,0.114726690623457,0.241889358496555,-0.010426088698201,1.91638662725965,1.60716182285105,1.0325467437284
25,TRUE,77533.8401931912,31156.1590629446,0.0751389489504931,0.749925975492327,0.234517393672643,1.22090761323673,1.27887021174055,0.159829079971384,0.288243837950502,0.177522425076752,0.938664800790885,0.0368033550199605,1.33476016462697
26,FALSE,82289.528384363,33814.2774807295,0.0731362470539842,0.782913729770259,0.289926045664602,1.44037914107691,1.05126255376644,0.139010032112348,0.262186647742971,0.10213264556104,1.24802603527956,0.928894790888679,1.22983553393088
27,FALSE,77133.4546933924,33368.5480931333,0.0784021277305819,0.766081155824736,0.269715704086895,1.32674372003584,1.27018161755515,0.163229936220035,0.281267306729488,0.186278841863873,1.13393622792321,0.274125939967438,1.24626339401796
28,FALSE,95215.2082007341,41833.5146024892,0.0722074509380155,0.834543747057749,0.405583551777666,1.87243168641307,0.757042934697734,0.120121074315131,0.238869775568265,0.0239150230180146,2.0131029293024,1.69940929394802,0.99408334191279
29,FALSE,76301.107240814,33554.0546944712,0.0799741150904074,0.761842341255125,0.273310462774851,1.34001618751367,1.24384975696935,0.158349083061736,0.281916597322805,0.176622687560222,1.14556039816933,0.464180742895697,1.23937331504834
30,FALSE,144112.156331016,57005.3903207003,0.0697208847286031,0.796093824233923,0.50466153170923,2.50862946817605,0.434173775856699,0.0694492897766031,0.238397314057928,0.00254859580517763,2.28430473011985,3.43807130503044,0.729509959778294
31,FALSE,118765.569571172,52242.8299426443,0.081149135430496,0.756801045625347,0.354017572720388,1.73100716452935,0.695386217299054,0.0739721523181575,0.240234063495949,0.092124037168149,1.50700015763016,2.31725907657506,0.796013539956697
32,FALSE,122977.418348469,55054.9685363817,0.0768472233229791,0.79735095554955,0.401210060494363,1.91807039894332,0.567077162699804,0.0721178594192508,0.234173932086243,-0.00442596805109803,1.89974613832706,4.68324927443316,0.755354168852515
33,FALSE,153314.314474784,66918.2249521713,0.0722957441193422,0.824911471357164,0.366555417005961,1.73496681458722,0.495449838063175,0.0526239175101193,0.235426119207942,0.00965980275797014,1.8502301829962,3.60758778454384,0.621445055210638
34,FALSE,211003.046467077,90707.5551177758,0.0739018087847449,0.809651627894865,0.432863892734919,2.08777304401302,0.338815686724456,0.0448578108995326,0.229973688211867,-0.05989179166537,2.12705256600935,5.00601360237234,0.458462362324773
35,FALSE,213462.266070541,92260.6690311881,0.0748254510841721,0.800079705911088,0.384742614525145,1.85425663994911,0.387061150896176,0.0532396901166219,0.22794659401103,-0.0143694265263597,1.85436377913711,7.81347622383063,0.450744617795283
36,FALSE,161069.150141225,61881.2603638479,0.075508962629252,0.726383046923105,0.355843312341242,1.95024381016705,0.537767062085966,0.0625796506842424,0.228095493254271,0.0371057100865631,1.42952740301724,1.87067062070308,0.672028975419758
37,FALSE,127847.432090076,50812.3528100688,0.07851101398163,0.7203693706772,0.347778478058925,1.85127543575024,0.690691790746669,0.153222615423683,0.260295819146882,0.118554485667971,1.33627049474572,2.00513159993273,0.818423034954592
38,FALSE,166766.922221022,73190.8510709799,0.0783885960568063,0.778397555387348,0.509792217549695,2.47793147494493,0.36566125878498,0.0496073202327135,0.229629517384062,-0.071033278219622,2.32314657289974,2.41592204279143,0.568185769006433
39,FALSE,157475.144215664,68537.2036428603,0.0787842255527506,0.765367452322823,0.410925977251425,2.04606952544035,0.435245338120663,0.0550717389312219,0.226631360531316,-0.00424283830875227,1.83059461109288,3.62747955455954,0.606765344800176
40,FALSE,141580.188891745,64907.9321835125,0.0748504169172566,0.837478622259031,0.414568433392249,1.90321776451905,0.456952655065648,0.0680972681646706,0.238282973851113,-0.0389062726222351,2.19585445073565,3.22226015194586,0.6406921095934
41,FALSE,116347.324874101,46931.0252784328,0.0727966922086539,0.789149473727743,0.326069968672215,1.60074318061329,0.825107293105394,0.106533921397706,0.228440913571784,-0.0331700194187266,1.43980043199541,1.64027015982835,0.886108917358576
42,FALSE,124442.384737133,51908.234684223,0.0723031515528086,0.816053624636497,0.374552702633992,1.76557094503085,0.620185902055537,0.130371338359461,0.225370770187293,0.0169142679123602,1.80179659597075,2.12787354084503,0.801144563150394
43,FALSE,94388.4682956832,39665.4852618925,0.0756641026294078,0.786175958662727,0.24934142674875,1.19952277714987,1.12998555985626,0.348334548330546,0.245032830771197,0.146637476749736,1.06856248589892,1.33117337341767,1.04841777997741
44,FALSE,127188.864545335,53987.5092491495,0.0725747374988085,0.823108489396197,0.534243313309001,2.41464859133292,0.52711320351171,0.191436754007626,0.237614472011198,-0.112008182551607,2.59646480225534,2.56318334433772,0.770289286880837
45,FALSE,117482.086574262,55110.2453073336,0.0782407964966695,0.821526419467589,0.402978953972519,1.81842677859091,0.598198261273696,0.109287894764589,0.237551998008526,-0.0276582655376111,2.01097999907011,2.10028379567818,0.754596532243454
46,FALSE,120883.722874419,45913.7388157709,0.0685003995277738,0.808575647163762,0.40008428594272,1.93159781912522,0.660261926841624,0.126613422156698,0.235218816236178,-0.0125508403780318,1.79477036639853,1.08568327374697,0.90574196466256
47,FALSE,82667.903515222,39181.1829540579,0.080856080857447,0.816186369415252,0.379428191617706,1.68695248121721,1.26916670676962,0.299874264604183,0.239314691189822,-0.0225162967447432,1.80264839553532,1.12902102984203,1.06137683613999
48,FALSE,119451.658441133,43766.9617657542,0.0723779002961106,0.751807296491512,0.447447535977521,2.287789199691,0.682236246493157,0.166398516788541,0.242314524762081,-0.0636936039691395,1.76537410997258,1.50193964275425,0.950168764799647
49,FALSE,109948.715677146,42989.5436405087,0.0731387753214823,0.787019919698981,0.364296362834957,1.76643099938646,0.971933888779603,0.210367395946166,0.241642216939884,-0.0546671679532793,1.56271690842532,2.27182525973463,0.967351511050094
50,FALSE,163430.90158903,64492.0791480755,0.07325220295437,0.786696502243314,0.468299896087729,2.2652860438908,0.512663439526388,0.146866054064119,0.248743924527311,-0.100091792308736,2.08393964765193,2.59525773646345,0.644823372875256
51,FALSE,99020.0786504333,39722.6881906184,0.0744799506034503,0.773414263346095,0.467359570889221,2.30776345217124,1.03471839713954,0.285542266510369,0.227533772903823,0.00398995666226298,1.98247981947476,2.29623465928006,1.04690799878498
52,FALSE,82415.0467726272,37000.7621020794,0.0773444273516594,0.808816485164011,0.393621926672804,1.80727519761958,1.14340833679966,0.218961829886525,0.245498721300228,0.111108627280538,1.81722288659893,2.76877242416934,1.12392279611081
53,FALSE,121070.662888161,51456.3117385517,0.0744667678290487,0.804182043241499,0.462785410231577,2.19988178697063,0.634808203527943,0.109024741254813,0.223164944570125,0.00995506440419565,2.18520686117404,2.09606804697094,0.808180738085105
54,FALSE,98321.4666996023,41560.4878664071,0.0820425292696894,0.738748354929014,0.381860777283163,1.92262598253434,0.973865777817016,0.137757164366822,0.232784063730229,0.0619497000815798,1.53752735176457,0.546933344252022,1.00061385548877
55,FALSE,108075.289802479,45326.9868342267,0.0797297828803819,0.758904234776948,0.424224459739249,2.08161655281973,0.761132323917647,0.125249055162753,0.224814411086096,-0.00809537152473663,1.77182572797073,1.7132273607144,0.917466677237812
56,TRUE,77682.5268030645,32510.7445432972,0.0841895978230646,0.715324350399752,0.225458820388757,1.17272198067533,1.63561310726254,0.235256481724053,0.271281843130661,0.178509789335883,0.822370311231939,0.0482176764472591,1.27914634328404
57,FALSE,118838.192843262,50910.6140317384,0.070166595880183,0.854014415057597,0.480786108823717,1.92605708829441,0.571176626627488,0.172805082295163,0.238686676583629,-0.0583304780764066,2.5129066870682,2.66718751642569,0.81684341842891
58,FALSE,116176.923480974,51287.5190774247,0.0726032497475005,0.84817799386086,0.441989055061691,1.97841000475663,0.62211593525884,0.100133909783961,0.235700872470701,-0.0403915398389258,2.30359380069922,3.01790968235269,0.810840546551314
59,FALSE,106816.283028866,44420.4230856902,0.074743842263615,0.792423775334838,0.470242930668938,2.23916559741461,0.611632673518222,0.197146829907835,0.232267045149418,0.0131860902961915,2.0735107828631,2.17733170390002,0.936190993043395
60,FALSE,123762.008091267,51227.9476724291,0.0761450490746713,0.768517181626381,0.466401468232888,2.32572904696593,0.522746336286439,0.1403298693139,0.230502456945117,-0.0206555842665606,2.00244712118502,2.48513151102715,0.811783448088075
61,FALSE,131874.295279275,60128.9501499762,0.0761296495962456,0.836176510111497,0.436437294985457,1.96909304420645,0.927410943585855,0.44488942548611,0.23271645799777,-0.041075013249653,2.24229139356352,7.7118829759667,0.691613605364379
62,FALSE,283237.735069865,115021.24049271,0.0654020672985747,0.862119692319465,0.48825406277926,2.29514536412416,0.235890411001471,0.0246532221439366,0.242680532229825,-0.0806106258962162,2.69905949973491,5.02512185345281,0.361550612929059
63,FALSE,158016.090807279,65055.7844260941,0.0754870022681257,0.774687395001634,0.366164276276619,1.83403703285927,0.49304836582998,0.0615259300319562,0.233375069522724,-0.0849704111827775,1.65266168561722,2.72052203921282,0.639236009016897
64,FALSE,152822.477241461,64395.5654824751,0.0740095980424312,0.802058823218997,0.374694849442616,1.8215447987296,0.467080536011601,0.0621731079104268,0.233449352481582,-0.0739124629698005,1.82088164478907,2.97148446252493,0.645789810034628
65,FALSE,202389.148976644,86112.6269613084,0.0754674318774488,0.804434274308369,0.419543078986538,2.0052413995265,0.373171522028899,0.0418558484332126,0.227918389298146,-0.0586901633812533,2.03319806744959,2.56129940444668,0.4829256924038
66,FALSE,456826.621200921,203372.591889688,0.0795665119649188,0.774029310146432,0.500749227545666,2.45656075569073,0.143608634532503,0.0251158650266714,0.236442547248601,-0.0961770764729036,2.30332532557991,3.99473445603709,0.204481831172987
67,FALSE,459128.920938277,192783.282773092,0.0786866469242251,0.775013343855574,0.404987029455979,1.96528996601921,0.184564840498987,0.0305040278630516,0.232975966359116,-0.0250837940946719,1.89357983890789,2.58353849836262,0.215713724768071
68,FALSE,254188.598516969,106689.811266119,0.0700226923899852,0.845789671498461,0.352477257587809,1.63565625170016,0.333737188805463,0.0464960359293122,0.231013369161972,-0.0314726648884577,1.88844288916947,5.09598127590078,0.389784174388229
69,FALSE,166888.436712547,62042.7790655025,0.073027257254382,0.73904532082256,0.36598379295534,1.99495062829696,0.478243301432869,0.0475761052317049,0.237229096990827,-0.030174634829829,1.52017624462338,2.54092713882885,0.670279452764278
70,FALSE,125499.970031844,54060.0746505207,0.0754393398118795,0.797865564140316,0.410054137752923,1.98263810559681,0.5549194726742,0.155900054857095,0.239968683591607,-0.0182844817853715,1.91060114787074,2.62516359632249,0.769255319546613
71,FALSE,137012.243625125,56675.1954804201,0.0755339517698243,0.776980903920093,0.447967051074164,2.21469071834039,0.514755867371672,0.130366492206462,0.234311412526449,-0.0505731000351328,1.97227443696291,1.46391141306204,0.733760151111732
72,FALSE,105731.9298272,44655.1884742076,0.0766741459804653,0.781730074927356,0.420309978141107,2.06810251477704,0.687896156642932,0.092820477603159,0.238008419213087,-0.0726613171395878,1.86710328604075,2.45287815203198,0.931269163134753
73,FALSE,81633.0111030097,33641.9607948398,0.0814837273790623,0.731046870574557,0.292493515565616,1.51898319414221,1.15049039857967,0.268054642500006,0.235309956081568,0.0495723092308076,1.08602927867957,1.56747809713264,1.23613484521921
74,TRUE,68665.5205883894,29335.9595992675,0.0810634357909437,0.747703213603574,0.195070921242505,0.996982415774989,1.62485469570085,0.347508776747322,0.283938902527021,0.163251650298777,0.741734753759346,0.00920269084491648,1.41757762718757
75,FALSE,89449.2513143957,40064.7769871508,0.0783648415962165,0.792601883307141,0.421029652193368,1.72971056176189,0.841103390304528,0.306983529108094,0.229959654499738,-0.0418793132453349,1.87950382311112,2.00154245440959,1.03796908724432
76,FALSE,87072.3985735361,38929.0483060184,0.077772742741122,0.801580386531871,0.377358775894769,1.77832436262382,0.829166478239309,0.124601902063519,0.230627192617256,-0.0527438401884274,1.76371545896083,1.0511227809039,1.06825113403995
77,FALSE,94036.282385023,39770.9337604709,0.0710723799740969,0.836897010602406,0.332709921093038,1.44014776287146,1.02554881474707,0.319200780744084,0.242081436948498,0.106799593351962,1.59663964922737,1.83504055230235,1.04563800916671
78,FALSE,118504.184567433,48161.0230167103,0.073489493502883,0.778557483409183,0.428448707499157,1.88058591919747,0.665421548626039,0.250096656954115,0.233388232718758,-0.00449045134149229,1.83422149455423,1.74021964174167,0.863478335698373
79,FALSE,111843.106483717,47842.386746326,0.0763558824441233,0.798381169562851,0.450383350974612,2.10036542817085,0.685737351274568,0.151087492486491,0.233129830760069,0.00821356331874572,2.03117280945723,3.50409828636515,0.86922920924704
80,FALSE,105258.631008096,45815.07789152,0.0755962430392072,0.800171009700068,0.392985316197819,1.87018419081575,0.721310954338648,0.0986102958889938,0.229016060729846,-0.0338800798983744,1.81674842809185,2.61459199745013,0.907692443489161
81,FALSE,97695.5855920421,37378.7576576509,0.0769841626391029,0.72105102699015,0.390898073958599,2.10772439924998,0.956012430307406,0.18612119665773,0.23113846588216,0.0371307855120748,1.46527851751577,1.52635106514706,1.1125570405759
82,FALSE,120800.927608634,53953.5842624124,0.0718910962082634,0.870951090309722,0.38098260585873,1.66282908962477,0.751005760854952,0.102059285048535,0.228908837703309,0.0232377519795757,2.08773857793227,2.61092927554103,0.770773630121392
83,FALSE,93433.2650388472,39316.8921567389,0.0881329108349505,0.688952853227946,0.316453940205973,1.68075876744547,1.23667664104284,0.242199874889151,0.265527906341522,0.167694830783381,1.11094648617676,0.54069665321834,1.05771330638788
84,FALSE,139376.310621798,61401.7320713608,0.0750679056180215,0.815608834710328,0.517254042659397,2.01001930908201,0.540960465866948,0.174280914397276,0.240442903095728,-0.0519449996198934,2.48767881224663,3.88937323646383,0.677277311194885
85,FALSE,124250.075954074,47982.4449035157,0.0746830187705922,0.749863874982367,0.368560715018708,1.8993985588151,0.756847330387777,0.129476455619749,0.226271148367191,0.0166350039458619,1.4942277959192,2.41500666385202,0.866691976276369
86,FALSE,127282.90070512,56374.7240488309,0.0746000447508494,0.832657740472833,0.399202006579516,1.80791525295555,0.622134949167745,0.068220403796228,0.228945279951231,-0.0427170117742489,2.03005650035989,3.9796367233133,0.737671016606288
87,FALSE,108067.784176463,46523.5054932372,0.0764498692786966,0.788879445518217,0.48869146379024,2.24542557182254,0.632727753592972,0.241396547626562,0.227145211233393,-0.0051937187196808,2.16028300460833,1.69685624154145,0.893870733924921
88,FALSE,128638.401818101,54502.1879192619,0.0773127647833003,0.776984558039351,0.440443210838708,2.15122713494198,0.596667159263504,0.0597559399488269,0.233721217529982,-0.049540354995593,1.94222141844398,2.62831219385883,0.763015240078149
89,FALSE,114110.197712052,46703.7320838065,0.0784088383864147,0.7467187398429,0.486629450124783,2.46340428404577,0.677187767310787,0.0989973602815036,0.225672791284918,-0.0323022094950173,1.99643967654006,2.3719498044851,0.890421346315041
90,FALSE,134581.913460041,50903.5802267678,0.0713129186548942,0.756446333903168,0.434693932373429,2.2943745897279,0.58144523068381,0.0672901808694359,0.227231144798681,0.00203268238681744,1.79953657011521,2.31340738486698,0.81695628902212
91,FALSE,122465.446596929,48161.7844907089,0.0741935310803009,0.759906564234656,0.41331263269819,2.06682816326146,0.615156035912375,0.189197241405742,0.232616999453088,-0.0264121540552688,1.68058616693938,1.44639567321654,0.863464683457121
92,FALSE,121354.380567204,50423.9988639626,0.0747752396620497,0.793491641531884,0.423958299426121,2.01547437259729,0.661788901991212,0.103867381271374,0.238669791154901,-0.0215970004654685,1.89384110578608,2.30448731142268,0.824726339380453
93,FALSE,115895.179622815,55863.7445144911,0.075767236832836,0.859974693691658,0.408975721943608,1.77091123823376,0.650011391595925,0.128615173908027,0.234312640308572,-0.00367348600743078,2.24914387692681,2.80402054170166,0.744418412360678
94,FALSE,127251.474701787,53130.961786648,0.0740475662348822,0.799112511848429,0.495893625170641,2.33349188054326,0.621916662153054,0.150748927989737,0.237403053380091,-0.0643745822982821,2.24037715755845,3.64710719324962,0.782707457226019
95,FALSE,175808.560806977,72333.5373000335,0.0627227715983689,0.891420749060758,0.555500683305355,2.55549980806217,0.422997876319463,0.0723413017975638,0.24955183650563,-0.105652032166784,3.3182013431198,5.84269960658348,0.574920037817379
96,FALSE,82645.6423613613,34483.875684123,0.079042266863675,0.74770588777593,0.260848111780876,1.31133450893645,1.2771911597113,0.120851178060767,0.255952859207274,0.107120022076681,1.05880608066906,1.30002492595944,1.20595493328341
97,FALSE,105324.67516903,47285.5978202958,0.0747402345769995,0.837353030218558,0.464645715367075,2.06313738039543,0.69688339457924,0.0828972389713604,0.232744607822533,0.000963626644877991,2.34960740078166,2.66458601998115,0.879464401783467
98,FALSE,119885.128985267,53918.0188571184,0.072652219808359,0.854790443131075,0.471908856684445,2.10359243545342,0.614881785706813,0.0568781443396499,0.233379321149764,-0.0652419891284085,2.56322326250602,2.75674956750221,0.77128204784753
99,FALSE,105711.618735153,42632.210908833,0.0707617104157945,0.809970988518172,0.458603340941544,2.16396086116007,0.801422931546249,0.170695461249474,0.235696471413003,-0.00799044943831513,2.06085050577877,0.950164838418278,0.975459614068098
100,FALSE,144341.887387179,57705.3586983357,0.0689587675524892,0.820648919742714,0.55142070085334,2.62963815515322,0.415627913680715,0.0726183608635555,0.238351094382073,-0.102747611147892,2.62375972383235,2.35493820401252,0.720660973920943
101,FALSE,72204.6114130909,29522.7465578723,0.0746166602059291,0.779331722341499,0.231701150848846,1.12948799540286,1.83807134046775,0.262719813508866,0.319414125979968,0.322538386371009,0.953768495023843,0.397057835098966,1.40860877962288
102,FALSE,101127.459761985,40568.9071683445,0.0640110733886242,0.864060006677945,0.517756633319179,2.42043338763421,0.768135311654615,0.14433142575876,0.229674665728165,-0.0598262024186806,2.75957301707304,1.45986355956779,1.02507074759088
103,FALSE,70723.0539474593,32920.0807848173,0.0769803207103161,0.832440766655583,0.288859860518745,1.27344722764821,1.97649988567162,0.328939971381004,0.272990850276512,0.15899017364105,1.37251657216575,0.53537418426589,1.26324112847194
104,FALSE,135021.815020373,58389.5206600206,0.0787391342361644,0.775823596434375,0.463525137596988,2.23157459415522,0.649297857189908,0.137068670869217,0.224584171235263,-0.0307398626590025,2.07517445303363,1.45813451032662,0.712216841822337
105,FALSE,138202.638054375,52975.4500569196,0.075492535303064,0.732390956399785,0.387753646215577,2.08314205854791,0.623486751581486,0.0730312357864438,0.225998840737196,0.0172964106820691,1.54675098396367,1.74660082489186,0.785005128891172
106,FALSE,131405.26900296,56029.4134825354,0.0694087349697403,0.840285397587787,0.431138196837214,2.02682351817797,0.60904986422343,0.0694206568047223,0.228117075905844,0.0292587230643614,2.19017273276165,2.15773773289658,0.742217300078691
107,FALSE,138007.793677572,61557.5611119036,0.0688751501271188,0.878097491941132,0.531664909738875,2.38776270533568,0.505370103587725,0.0655073647564476,0.237458158392577,-0.0882715654536309,3.08500367003427,4.65929018398874,0.675562826870319
108,FALSE,112603.899485322,50010.8183628352,0.0795728504132247,0.76968858839494,0.358720509798518,1.76213358515086,0.698255052686747,0.0743075514959514,0.230243578181228,-0.00203030624279625,1.60160906275097,3.02302451255691,0.831540081953628
109,FALSE,110469.748915602,46360.6396930591,0.0792156674847341,0.750528984230403,0.366956492369751,1.8441270218921,0.937267694386707,0.184464082076087,0.234451532668709,0.0207751777794186,1.52632335688191,3.19567051211838,0.89701091864412
110,FALSE,140270.481170136,60680.0952079203,0.0707212884548515,0.846439742246872,0.396747715846001,1.81613107578473,0.562047014711028,0.0916595773673301,0.229871987074404,0.0124433951672825,2.05517635083174,5.39290986519547,0.685331818572559
111,FALSE,99285.2780449937,39721.6570079175,0.0767250494406833,0.738251906396803,0.403585037853309,2.17978770150452,0.777830164672352,0.120308453908633,0.221536414091107,-0.0176595014098552,1.65894566336359,3.44598525202815,1.04693517674026
112,FALSE,132217.827553822,58945.3576557973,0.0698934817957995,0.872849455443839,0.542842398779479,2.43871330340405,0.486238666973472,0.0769764885506632,0.247083922537544,-0.16040088584131,3.12170853303836,2.98607748261946,0.705500851192308
113,FALSE,98949.0429745428,42671.3933938265,0.0760145138486974,0.793941654654958,0.363651653014992,1.74492076062197,0.780418463262353,0.123912007523001,0.228148824119176,0.008999211122077,1.65385810278441,1.76389389377158,0.974563910210077
114,FALSE,103442.616393836,45634.7471764698,0.076569896321425,0.803513202229814,0.457980160424864,2.15211775796388,0.728254893163834,0.123333920361216,0.234055853733152,-0.0860137063212636,2.1554726412931,2.09260202745312,0.911279289861883
115,FALSE,100297.89838613,40859.4445977155,0.0751403049370071,0.77731583123588,0.481444621008203,2.3612811329917,1.16413104523904,0.431720736191247,0.228824995088014,-0.0550151867429213,2.05338430356984,3.34912774946471,1.0177818227692
116,FALSE,103633.710068252,46285.9045723282,0.0800316660698466,0.779757317747601,0.351391031672831,1.69523004624263,0.866713761794939,0.117483675769369,0.227130002538499,-0.00627006961553347,1.59326505679141,2.04115013722907,0.898459269279615
117,FALSE,110451.746323004,44302.6543943687,0.0740248059742171,0.770445384316704,0.435641940182728,2.21482500607002,0.877300090908136,0.180796383442354,0.221965449619512,0.017830515090896,1.86787441750285,1.85344805835587,0.938679647269306
118,FALSE,81472.9588799295,38264.0652921065,0.0850231292632386,0.770869352838653,0.329629732353923,1.55493792338799,1.67494259542931,0.248423177146056,0.245711059179835,0.155602336608179,1.44569110491795,1.79448719841741,1.08681604221961
119,FALSE,116185.948978367,44875.892148788,0.0707350248082849,0.787061055209518,0.393223681501339,1.99217200399864,0.79615871423115,0.111651519772731,0.229190067074411,-0.00593944485255271,1.74949431447999,1.46866850152256,0.926689097614367
120,FALSE,132734.802685249,61637.2898858099,0.0762522219362277,0.843242541566954,0.479295991354348,2.15949250161739,0.75582104607704,0.208502198470623,0.227769895409086,-0.0252127985129964,2.57374827585763,3.19352373205862,0.674688976057234
121,FALSE,142376.794832437,57378.998696594,0.0733312794249371,0.771346972445096,0.45886484586369,2.38154906191162,0.557842997409274,0.0707381729454851,0.230428533311693,-0.0822101960138805,2.02199993598584,3.56561282940244,0.724759946054419
122,FALSE,84464.5161605911,36199.5115458446,0.0839625625373672,0.722032705381209,0.228393695257554,1.20313581414188,1.67647943595272,0.219232986023788,0.282738325705185,0.201705206834465,0.906486408199549,1.62252797197434,1.14880003138533
123,FALSE,97236.7242861841,41562.2572368985,0.0810604787124436,0.741218976904833,0.372728042240336,1.92740652526137,0.925689554207798,0.103444174130805,0.233106308781868,0.0439332619041417,1.55570010544421,1.95005283818112,1.00057125778723
124,FALSE,98563.4272121684,43210.4052546726,0.0780479397664226,0.782574880746717,0.408371880409987,1.99931126646114,0.884827484503729,0.147608650037904,0.22715716436237,-0.0524978261862673,1.85679963300277,2.22230213188356,0.962407081231969
125,FALSE,112524.769044494,50960.1232955907,0.076416425667027,0.821169045019628,0.489686674222966,2.26515913320305,0.690508657191904,0.125386167397421,0.232040555709092,-0.0441309046940822,2.43554100844915,3.61417589371467,0.816049830939052
126,FALSE,130393.308959003,54514.7327674348,0.0711528300167709,0.828803845652214,0.417526568418318,1.95791858154136,0.630615682342369,0.0714298041235867,0.227773104270543,-0.0107145611607494,2.06194394480395,2.0514032297579,0.762839656160655
127,FALSE,175891.993434629,77345.9471388746,0.0785279998660569,0.780199319973342,0.469968070997863,2.32380480284336,0.406090479841979,0.0396782617611228,0.231468127163504,-0.041028207646229,2.17231695877371,2.93024724914597,0.537662302141473
128,FALSE,103755.404782356,46180.8808281599,0.080831568460083,0.770809528413807,0.417330017137907,2.0133484411292,0.698139835423767,0.0739384567331711,0.231636317465098,-0.0243361383666839,1.87108398369426,2.14795372521775,0.90050252949359
129,FALSE,177521.410179518,77829.5058801682,0.0681893233259051,0.883827630565687,0.51423705931349,2.27501103163951,0.386739952566048,0.0579687260856565,0.245891972514625,-0.0394686156823691,3.0748016207498,3.42877068155985,0.534321778478573
130,FALSE,134064.564251389,52547.2189789062,0.0725705907904761,0.766520326443899,0.415959266166729,2.16800630014503,0.622894926536663,0.0784352435076622,0.230755434165778,0.00957859250387054,1.80073582451435,2.50170291747909,0.791402491094603
131,FALSE,95122.3648572346,41822.0636406808,0.0729229609897605,0.841500868770647,0.354761945120308,1.63544890806164,1.11846175589585,0.196380246998611,0.227604049045778,0.00629825845005172,1.83137561493239,0.888074797460509,0.99435552385198
132,FALSE,93988.2459229853,39101.7549878293,0.07332505219424,0.803159631498664,0.335255938261329,1.63047011979132,1.18362339118048,0.200900222763362,0.228997715683406,0.0275449761851625,1.5525258526819,1.04765031870723,1.06353282641518
133,FALSE,96008.5290694806,37464.4847482153,0.0726124901661119,0.769804788990748,0.311322690774613,1.61256386082574,1.21032587489606,0.199613671533133,0.231222254644816,0.065969066731743,1.32721430801881,1.17212804448535,1.11001126211888
134,FALSE,118271.995703711,46335.5057436055,0.0669116311708353,0.828873594727984,0.415853065067328,2.0167467981344,0.744018990827461,0.130719089209773,0.234534962459018,-0.0450829815542622,2.0473060597149,1.94630252593982,0.897497487782122
135,FALSE,108801.442039538,53124.051444291,0.0736234422751365,0.890267872318223,0.44737557481583,1.93972576737583,0.813764740694095,0.181339608652006,0.230873501526213,-0.0878250912031135,2.81663127776072,2.31313271653389,0.782809271307357
136,FALSE,102355.958654605,40632.9177812672,0.0814559243817037,0.698221225462021,0.254262701800159,1.44027558271845,1.57585517006401,0.46408287077327,0.244106593909316,0.132940699976385,0.957566048324459,0.514549683342211,1.02345591384462
137,FALSE,128017.189376278,55857.9762999231,0.0799534095290381,0.766487015536229,0.313406840953099,1.55451945855826,0.988264390266897,0.170913987037202,0.243823846059201,0.0728711043442116,1.38305271780753,1.72758109622555,0.744495285269711
138,FALSE,133845.644319483,59967.4393253678,0.0784290939454977,0.797028195449379,0.352444406548783,1.67776029466168,0.8431314419159,0.141935954498673,0.233089978937333,0.0336180484207395,1.66962160771472,1.97723221833781,0.693476334288098
139,FALSE,160365.805537446,66628.4693385276,0.0737942908050048,0.793985461210554,0.465637503376996,2.28750399835002,0.610002112342621,0.165354709944728,0.231763084535074,-0.0383022418487304,2.16637331548715,1.85473648903917,0.624147611566893
140,FALSE,101690.37317525,41399.6520148873,0.0792592006319182,0.730872333534226,0.314077700472215,1.65602015203481,1.30890947722207,0.405363704132034,0.242460440103502,0.0952985795822914,1.26651309218869,0.178889673931562,1.00450119689522
141,FALSE,189579.55582643,81964.9133384991,0.0749500517832269,0.805711576245896,0.492995989687866,2.33200699295605,0.497045448378112,0.15397601695913,0.229185546895196,-0.0407120551661354,2.38222549898651,2.55450349903693,0.507363435233048
142,FALSE,148408.170095535,61839.422152962,0.0739958140894723,0.788141371295682,0.462950870792558,2.25913713417487,0.662298754760371,0.202853944132296,0.228556187768634,-0.0352432237920653,2.11207753742887,3.22558970402519,0.672483644771705
143,FALSE,144148.954484265,64217.8623900817,0.0748549124313018,0.829211339201607,0.386831531611051,1.78253505807559,0.74601906051394,0.186682809643823,0.224428680752206,-0.0271535736094113,1.97362104162509,4.63210568877761,0.647576833800417
144,FALSE,142350.492917681,63384.908361337,0.0763377936586732,0.814434902683873,0.385427050436188,1.80471777036611,0.789990149540814,0.228880324840702,0.223699734059305,-0.0487193870958403,1.90995116593714,1.5629846154942,0.656086773257312
145,FALSE,204219.17370437,82563.4111548664,0.0763490714293612,0.753454107885014,0.443605949126587,2.30228692897418,0.527295322452672,0.188410916476999,0.230459291448351,-0.0096128915998988,1.93925525714695,2.45214043322964,0.503685584429113
146,FALSE,170107.093536437,77484.4990393431,0.0741192216841006,0.846475977004864,0.521550666951105,2.34493762201686,0.579851718503546,0.226501835754033,0.230651120943836,-0.0371082980696343,2.85967884892185,3.00674439755448,0.536700895218855
147,FALSE,165847.162899831,65335.1455475115,0.0764291659502954,0.753635147767983,0.504087881850188,2.55699274969305,0.602051389014904,0.182044192884543,0.231151801559673,-0.00875836488383524,2.13230112583448,1.9292746741798,0.636502752867656
148,FALSE,134661.043534892,53277.0728492582,0.0683706715789365,0.816900334687189,0.457141788375666,2.21903952076585,0.52408362647078,0.0568933516842796,0.232578850802127,-0.00528033359166828,2.21501040845787,2.72772505727396,0.780560901265412
149,FALSE,114866.610658283,49618.8361015247,0.0744385903969621,0.820051759717082,0.444911645657147,2.07942343633579,0.750504591437488,0.0984620167582028,0.227878433940173,-0.067681195783718,2.21534087129099,3.18989194595539,0.838109138934885
150,FALSE,113990.218878582,46398.0244399682,0.0767074016165782,0.74597708201571,0.36977335244774,1.93036390581811,0.998708385906845,0.213534696175817,0.235915352606374,0.0248272579096764,1.54592681697041,1.40195324709382,0.896288161014395
151,FALSE,80227.0843521441,34247.551051237,0.0710881382683234,0.840411917284138,0.340719173956676,1.55217928468184,1.19841982584861,0.173752082158088,0.251325163132217,0.150307798759825,1.68381352375605,0.380429342111033,1.21427660441426
152,FALSE,77735.0946149042,30742.6435367492,0.0784382562525271,0.724134698987681,0.183789700116158,0.983558419998087,2.41150130439587,0.598158129040722,0.328019972572464,0.329683064507817,0.7065757358579,0.537587426673793,1.35271385983085
153,FALSE,95119.7001981445,40793.0532499806,0.0716272992675186,0.832747472665449,0.365106539358542,1.6965761228215,0.991810291209171,0.182086712256679,0.231465892124845,0.0531020282167772,1.84602592627658,1.61133476052221,1.01943827899226
154,FALSE,103552.558900344,42477.0342164134,0.0739838555039333,0.782093983972479,0.404332685209138,1.99757724166311,0.803578096435717,0.140392354380204,0.225105366001495,0.0204544225693416,1.8154459793403,2.70187423821893,0.979023153738236
155,FALSE,114414.558798085,47221.2591091784,0.0706494278851207,0.816656398061311,0.448230596140742,2.14699511234383,0.656074136301725,0.106968021366062,0.222955477689272,-0.0197224861777855,2.18152384111094,2.83902290929201,0.880662667292515
156,FALSE,103775.742088855,48823.7696172681,0.0759330020893862,0.846727457341817,0.492339285589483,2.1682773923919,0.726531530633131,0.0945254948541895,0.222357574481478,-0.0157334739813209,2.66043823613333,2.27715395274659,0.851757255246668
157,FALSE,100178.324711407,45944.6482734598,0.0756344128515153,0.850375377298597,0.501088093009672,2.17226646888357,0.742884907057788,0.12146890348477,0.22570178682719,0.0117953918950232,2.63398098287536,3.80887708096469,0.905132622900553
158,FALSE,75553.3761918643,32794.3087059551,0.0842390745471727,0.736643529980139,0.364117192259256,1.79140678783738,1.23845621708913,0.1925434454025,0.24615205666774,0.0968283205968501,1.42140665275705,1.89518948135149,1.26808588566005
159,FALSE,130248.282077854,48375.3479758679,0.0701702173402274,0.77556460298597,0.488651852880898,2.47480302659791,0.634667217748904,0.134584147667,0.22667794650605,0.00172647687704961,2.08095326678671,2.78033549867611,0.859652730989041
160,FALSE,115823.643965843,54535.1641931287,0.0763956561298674,0.849146582141048,0.523794425866655,2.27412276189198,0.628457523290471,0.102288478711951,0.227501535591062,-0.0050176624868925,2.79852876607929,1.69079689188152,0.762553860711393
161,FALSE,96746.1704506397,38437.384694268,0.0756712618850862,0.752693154197313,0.465648480228355,2.37334372066077,0.841705412728202,0.122412036761434,0.227003322961994,-0.00717471584778142,1.90863640912562,1.05652013486103,1.08191544067777
162,FALSE,134375.246281036,58845.3908131453,0.0735138453027791,0.824682148356028,0.512307701682782,2.38105650523232,0.528020406454759,0.0558680836827748,0.225250071631608,-0.0191086312715357,2.55396825445516,1.73181531343429,0.706699359547974
163,FALSE,128328.386534095,55081.9680747624,0.0743092179286983,0.804602503789682,0.489673834614458,2.3280528359759,0.690708970481026,0.18545463448292,0.227826719101432,-0.0359997511615989,2.33943741186366,1.84144941746688,0.754983916761209
164,FALSE,110541.563885838,47802.5158591378,0.0748132008842163,0.816344040330491,0.415583463665882,1.94275453463895,0.876069021666002,0.213809601818369,0.22439010185347,-0.0145832144350006,2.02509436597841,2.46666062542421,0.869954211668349
165,FALSE,122343.71025488,51330.6563221837,0.0808607883090043,0.746923253539754,0.446818836170214,2.23270745202671,0.622019339321601,0.10812106549528,0.230269441576707,0.00589228712126157,1.86350581381083,1.96029259212093,0.810159132565537
166,FALSE,136373.753368139,56407.7999854654,0.0709110764933035,0.82186806491455,0.461290073880119,2.20186106972558,0.564074620696408,0.0807824135396141,0.231729087469206,-0.0339934762151468,2.27180619069899,2.47078292097721,0.737238467210482
167,FALSE,134526.469081457,56498.9552489723,0.0748264707921722,0.794527676525787,0.495221929120356,2.3959168698755,0.461244429907438,0.0777698912090261,0.23108999258686,-0.0883845373661387,2.29376589212686,4.35157394326919,0.736049008636428
168,FALSE,117899.514398298,50220.1852320116,0.0747119409029488,0.803992593538039,0.561983051197947,2.68003083978287,0.68742381975762,0.270139671121363,0.237789172003464,-0.0804497746322763,2.67210157552661,3.75175452113981,0.828073409285078
169,FALSE,77020.0726832867,34431.010466372,0.0814725456709603,0.781678743992472,0.316725408136408,1.48462622558983,1.41426760561304,0.275792068020784,0.279826533978902,0.187313250344218,1.33231862064407,1.35095333960949,1.20780655103388
170,FALSE,76030.8927894119,30722.0585195781,0.0803047862760485,0.724541655751045,0.27866963946459,1.46030163674378,1.28176620607037,0.370509870445655,0.278681722353067,0.169181027682305,1.00010561683244,0.258841586657836,1.35362023262532
171,FALSE,107352.223705312,46424.6914058024,0.0727641098812884,0.832093911844089,0.386743548942124,1.81123702793095,0.773094390361891,0.118809237333668,0.2323255897268,-0.0381315415493133,1.96194644028582,1.50861648431763,0.895773321065143
172,FALSE,108749.071522796,46574.9082525968,0.0721549397102702,0.833082374588836,0.454166681702753,1.4972093679765,0.973388647728677,0.380483055423618,0.231323709973856,-0.00131181648542054,2.26661380138261,2.08057341990257,0.89288420654444
173,FALSE,83738.7336471463,34354.3448006965,0.0783592179177821,0.761214699094037,0.311694773615717,1.56207183009368,1.31838016754816,0.331076043001688,0.233333468586114,0.0259538021226106,1.30230701186624,0.649679730296723,1.210501910057
174,FALSE,138100.749784612,52364.1833480998,0.0664793753798571,0.810306724719289,0.383970084759527,1.95516310232245,0.585524177436806,0.0703075259131924,0.232290528618136,0.00274318048549809,1.82862783498773,2.03567538903458,0.794168787538421
175,FALSE,100231.827842742,41810.4485099647,0.0836356560964262,0.724646240313994,0.349634249753929,1.85676591734662,1.30415772853015,0.456194788336036,0.231323443043328,-0.0190823956210958,1.3839182224414,1.66862875943949,0.994631760290465
176,FALSE,154898.401918383,60588.4194800893,0.0678446617581891,0.813657317400536,0.448530073375309,2.23498557689525,0.681063856882378,0.253231829306838,0.235356647548401,-0.0751734794339529,2.15518990996377,4.29161859475911,0.686368787250938
177,FALSE,144262.693293788,63678.7520340693,0.0746795642789083,0.8263269807802,0.436586843518017,2.02009343592764,0.641027270320334,0.197368102258774,0.22964465964419,0.00178064142984926,2.24083265781871,2.23434106212882,0.653059280711888
178,FALSE,119164.627390937,47566.4861200078,0.0745186447814374,0.761674797163772,0.420277941383935,2.16706160486669,0.815344068691312,0.234986920414904,0.224839110672539,-0.0378642998446431,1.80397983861818,1.18581142710647,0.874271012895101
179,FALSE,132740.262638331,55429.7186697169,0.0714203859306001,0.827824985326556,0.419636715686543,1.99701276492134,0.590498989116574,0.0540772898106437,0.226128782680073,-0.0452833571552493,2.12921784524821,2.8645043203047,0.750247358241055
180,FALSE,118870.281289175,56613.6171432339,0.0800478878990167,0.813125476103405,0.427342512082648,1.94454158319087,0.658794480760995,0.0926195183691883,0.22404956875035,-0.00843954670311025,2.14611376419624,3.51535990321048,0.73455825821527
181,FALSE,124194.04279195,48236.7542699343,0.075321445021045,0.742215151619247,0.385280815864596,2.00592570807731,1.23041601523622,0.489117910257205,0.230825546616257,0.064452992286235,1.55330801355545,2.18942957010342,0.862122682784243
182,FALSE,225889.753532274,90809.6472817781,0.0802843199121838,0.728878409868623,0.484548398312855,2.50146064846982,0.324640962359165,0.0493422470877735,0.23863814021077,-0.0119654281676111,2.00394037843581,2.90055314528631,0.457946938951988
183,FALSE,171027.148958456,75702.6145123612,0.0723770724912334,0.850208398203944,0.515054573108494,2.29553980019399,0.412674784478998,0.0595165159803343,0.241180481842818,-0.0694454633409022,2.76677276031453,3.1016529316061,0.549333735272902
184,FALSE,178170.834423594,77309.001842393,0.0776005145378326,0.804407222042579,0.508432805875375,1.93674353166676,0.563795894063227,0.243378148846894,0.230512867629489,-0.0563636642582196,2.46568102773187,3.7296456111812,0.537919246257762
185,FALSE,139611.039281476,58307.0671667216,0.0729526984439203,0.802387391115051,0.476023570087925,2.25603049349826,0.53028324978724,0.0735307600323591,0.228412238548644,-0.00795451810284362,2.23466774949623,3.84758582594707,0.713224005609649
186,FALSE,146329.895605339,54449.6708180142,0.0722305132726464,0.745625498367758,0.465485274730643,2.46742837792961,0.558796606250888,0.0779065602827541,0.225315411747211,-0.0192231397893508,1.90114602750771,1.45047995729339,0.763751173794822
187,FALSE,133625.144271486,58589.4591462489,0.0765757126293095,0.803957239811383,0.455374798558559,2.09342398384152,0.598597597739514,0.0910667424459237,0.226988260919856,-0.0294230754136809,2.14989997542399,1.18302867774347,0.70978637806153
188,FALSE,100156.846597483,45057.1542623304,0.0800269351819523,0.790484811766711,0.419121963185162,1.52484863676712,1.43359402213621,0.551416020151129,0.229638466640237,-0.0340292855041914,1.90304718389955,2.20778183584708,0.922961085333512
189,FALSE,94905.844292556,41379.9132985429,0.0771444779225407,0.795531054948044,0.40975002983657,1.87704442299225,1.11939542086265,0.257791012450968,0.225217836871449,-0.00779701294383166,1.84103125870916,1.28055811830403,1.00498035604788
190,FALSE,101628.512536728,44948.4170510064,0.0729369814410062,0.83839113566559,0.492702464973951,1.94206046624159,0.939905519349497,0.249007328726191,0.225344460228259,-0.0478453249188679,2.47135395541501,2.90943840053903,0.925193871739892
191,FALSE,93545.5756590007,37257.8281464123,0.0720210964459306,0.788526054741124,0.338754685599521,1.63419316443439,1.2133694927133,0.200044407092506,0.227115292729525,0.024803839518952,1.43944760976306,0.678228996158028,1.11616812006806
192,FALSE,113441.709650412,53533.3107407839,0.0747922869207435,0.863435411632201,0.391151215691194,1.67547922084464,1.04333962394798,0.218799430701561,0.224750147268946,-0.010397728731101,2.17255722159465,4.89157382228691,0.776824736309799
193,FALSE,121954.813906421,51079.3193753365,0.0754272510711117,0.789787944041218,0.394926037960202,1.85690209327045,0.739717988754442,0.236049178333801,0.230056799164531,0.00452090338701501,1.77676613694604,2.79120714890531,0.814145538910209
194,FALSE,125232.403465724,50457.7156634119,0.0749742746593759,0.772111991290681,0.337597871113056,1.63102125606096,0.695936727496271,0.154533925832679,0.238480860214502,0.00798299781439624,1.41310278579969,2.74806586118282,0.824175241650009
195,FALSE,118858.690001179,49999.8415073489,0.080730117429641,0.752195578620867,0.366088072343622,1.76461658919179,1.08370764046739,0.301340569686141,0.244399137444043,0.0394772149920533,1.48450101118606,1.48715670894331,0.831722636438513
196,FALSE,146860.324986703,63907.6693562574,0.07201770255896,0.84471809200705,0.460495943376105,2.09343669797686,0.582262746389911,0.0972673800490468,0.224743383834494,-0.0293430663259164,2.43479319751772,3.05705480162463,0.650720021851778
197,FALSE,135326.229283032,59512.3261075011,0.0776429331814311,0.793312755821901,0.429184130020861,2.03621776772244,0.674326864035315,0.111474101042251,0.231020063321884,-0.0234074696006342,2.00535358577443,2.62399092898496,0.698779609536357
198,TRUE,73233.98792668,30451.9505562638,0.0813070940762872,0.73608420748958,0.136296021322035,0.691630428599129,4.03928055721313,0.9,0.337192588274241,0.360335115528873,0.4954076923975,0.00810474309986821,1.36562680683343
199,FALSE,105866.327877219,48210.1943577328,0.082154606817954,0.785411380007632,0.465924159296622,2.14900627138696,0.872552434382724,0.171870603707625,0.223884839933747,-0.000138789454671873,2.13588462302713,1.94229904508072,0.862597642552953
200,FALSE,156528.024103303,64523.8423433836,0.0762096409976773,0.773890496577585,0.431866816444451,2.1346776066822,0.692710841845785,0.199924489808336,0.230933408822557,-0.0300294913591585,1.91283190285361,3.8963681281097,0.644505945239392
201,TRUE,68157.3861718412,32523.5092263407,0.0765671550820445,0.855143850367321,0.269989495491218,1.1658763309724,1.76992420290382,0.25165089740291,0.296591247326189,0.256073647269242,1.4047311563786,0.00327379915756427,1.27864430958513
202,FALSE,71979.3063315622,29464.6244348835,0.0747219962854875,0.779041101346767,0.229303904569241,1.11751250318696,1.85985153297377,0.265592580961437,0.321547387878317,0.327053638737141,0.942671653547196,0.290146028674722,1.41138741109375
203,FALSE,88275.6035518277,34870.1012085549,0.0679238130316563,0.822436001587837,0.371748364832912,1.77461371825461,1.00110521801517,0.144455542913222,0.238694850827489,0.108555908742808,1.73259655796615,0.739182003065917,1.19259762830277
204,FALSE,80206.1274157966,32224.7718855662,0.0736655545160758,0.781237100809574,0.228199319438422,1.12783654887217,1.85224282273539,0.367094550694935,0.263424856247334,0.203404581293072,0.973454769801223,0.246184075996279,1.29049788615034
205,FALSE,84914.1874330331,37175.3390174154,0.0825615690502916,0.755236257759174,0.272175691314385,1.31090291725162,1.79772950258716,0.601044111359814,0.250460520737428,0.19043778752036,1.13094640249296,1.09463874156836,1.11864480860601
206,FALSE,119889.063544713,53224.7965779904,0.0840377568163621,0.734843329041007,0.370674957696048,1.87803295748123,0.688356504996054,0.063856620102145,0.225529368888199,0.0226833096776319,1.56712265891356,2.00375317134076,0.781327551699778
207,FALSE,161230.781815785,71665.6359248227,0.0769155605838717,0.80879662545399,0.478526506920542,2.22553921554105,0.478586894423404,0.0568608894975643,0.225159258924244,-0.0353067317708677,2.34593914636559,2.90553319559718,0.580278113259523
208,FALSE,162947.613869748,66905.0237440259,0.0700576554600888,0.816812093952123,0.450685254788544,2.17653458578336,0.450381185797631,0.0446144885714357,0.230593830797393,-0.0606964125321298,2.23576327744633,1.58621528599427,0.621567674186997
209,FALSE,126597.693895537,51063.7373798015,0.0751210501358138,0.757526953708676,0.432294617946442,2.22823068224131,0.642584424343008,0.0653327283450546,0.225796509341659,-0.01887982758355,1.84948693284883,1.23392663990594,0.814393973764434
210,FALSE,127319.174496609,53427.9262366164,0.0752475736888727,0.787456336899836,0.51762487879554,2.49477068955111,0.654267705523624,0.104317647373626,0.223603902043987,-0.0354699401202148,2.36016401499075,3.05549970110794,0.778356992854785
211,FALSE,152233.866403561,65364.5728522613,0.0798061388415955,0.767638290995678,0.501928917165552,2.38758555093285,0.559235413998254,0.110514890930396,0.225967093962573,0.0190055368535357,2.22105395960135,2.85747319905735,0.636216197633445
212,FALSE,162660.656180709,66338.2773523061,0.0738114778605459,0.801337636085782,0.527898036814145,2.49067455149705,0.5534722389775,0.16240677189771,0.229323793077023,-0.0582566964015653,2.51162661386429,2.59156392310009,0.626877900056811
213,FALSE,155506.901134471,64945.3956312,0.0796077482379127,0.751456737779573,0.469255721662521,2.31234921710158,0.602728336201256,0.11112363963471,0.228600934264863,0.0172241855040064,2.00127137306018,3.11425862305685,0.640322529346821
214,FALSE,171930.169275587,73836.4338023585,0.0711759094973035,0.843463786948544,0.444691475592367,2.0450417326067,0.683688264682158,0.187973295372071,0.227515510839803,0.033977122181508,2.35271980608193,3.31147734841123,0.56321788388799
215,FALSE,142799.624801258,61454.3597571693,0.0797334393280964,0.768448395147187,0.38907467866899,1.87691521764673,0.816092062147398,0.180532072741524,0.227302540869197,0.0663182866944645,1.72524998144029,3.45166318946241,0.676697311050394
216,FALSE,298188.747094736,125433.368622151,0.0703712844654186,0.839731099411822,0.49227234436357,2.22560466277908,0.455823070123688,0.2604981829778,0.227016614819106,-0.0288291373295082,2.69049141626464,3.73474837054611,0.331538572684526
217,FALSE,211727.190992527,87503.6676122521,0.0756642187179683,0.775243976435183,0.43235428482788,2.1863821360113,0.49579035672074,0.105833439988585,0.222830143585301,-0.0337037826308935,1.9792179560021,3.6019414424814,0.475248651111136
218,FALSE,190531.017498852,85416.6227719059,0.0785688391198953,0.786677992055104,0.495447092545127,2.38999949785068,0.490985599688933,0.125254764638045,0.227049093150119,-0.0400556496772267,2.33975865612322,4.07618144102147,0.486860737997685
219,FALSE,235581.284120365,103086.797451795,0.081578545797673,0.757194132760454,0.436994218523787,2.16619732722159,0.523994362398433,0.225265884719325,0.224108517493283,0.0146282438393078,1.94206620695298,3.10152642747734,0.403407623749747
220,FALSE,194398.598255711,82976.0604151706,0.0743563673580643,0.806784871494353,0.410564871711433,1.96834395007495,0.675898155564548,0.288084129208198,0.223229935101026,0.00350118715203784,1.99072875740167,2.7883502272009,0.501180699492414
221,FALSE,284814.302799996,100794.253320639,0.0686340656840937,0.752717634538118,0.448153775428062,2.50458365617061,0.387954628119031,0.0862224876174199,0.225233372642952,-0.0200159175034717,1.94282508295208,2.98172569452962,0.412583045461032
222,FALSE,216512.133665104,81059.2143532988,0.0672238356831555,0.793368004489799,0.398383926762906,2.07374987451261,0.636206257906271,0.215545487967315,0.225520879897882,-0.0671616893992222,1.80454670044293,2.51541572784611,0.513032359513704
223,FALSE,183750.485803582,77211.7589752203,0.0733103101674951,0.810770032899008,0.381462172133647,1.84466980519886,0.776301015147825,0.28228566234121,0.224660663748563,-0.0612682731517094,1.83431995797987,2.28438905937821,0.538596718322999
224,FALSE,300109.901456564,135429.916936128,0.0788952754255754,0.797492799535551,0.493072639292911,2.32286473752688,0.311204126405641,0.0719574425894705,0.229828837469874,-0.0117811838681828,2.38244749232195,3.71765232396156,0.307066569490794
225,FALSE,200001.882569574,87598.0149395225,0.0741156137015354,0.824812710363218,0.444857611887077,2.07377725941627,0.634690450185639,0.324188787113101,0.22766792316183,-0.00734518909447619,2.27587838967874,3.99865167919006,0.474736785173852
226,FALSE,185506.080374534,85630.5907162881,0.0804742345257094,0.798571446613062,0.450686179762686,2.09137737930787,0.700793370598806,0.451153420959515,0.228454004811392,-0.0428920554370668,2.19411997982052,2.91548897917487,0.485644203223857
227,FALSE,307000.976741309,117342.598137004,0.0746206107499353,0.73779160959715,0.498002717607166,2.32322655092166,0.478499311695644,0.326240901457413,0.228575356065623,-0.0799443052040449,2.11323398079512,3.37789202237434,0.354398152591149
228,FALSE,222089.464790315,104614.580097384,0.0760120996335503,0.851791161956017,0.47208549170301,1.96951169776256,0.620729920281589,0.39560491665726,0.233846753196957,-0.0717989577539174,2.63180552941207,3.62802354030142,0.397516292292031
229,FALSE,205672.405266178,95431.8650218386,0.0796744442724566,0.803532468039787,0.413641315176718,1.93875398045128,0.664859655063876,0.364285900546119,0.232258638656419,0.00269561247645269,2.02589461398929,3.05808679144838,0.435766397214216
230,FALSE,165049.835368075,75091.8636189487,0.0805637320447018,0.786202252909717,0.437897339342888,2.0987026813554,0.721131822401229,0.316197475633762,0.223090653077235,0.0106602573673801,2.06768005562154,5.39049316715542,0.553801676983632
231,FALSE,136301.887386056,58404.3019256462,0.0733409766230361,0.832717222584881,0.330696219368218,1.52360679749907,0.995167191494213,0.333790598973352,0.234603831242126,0.0798988343026622,1.68086396490826,2.68659478073405,0.712036590265947
232,FALSE,112221.006691725,46789.9425679607,0.0800000617575983,0.746296193057592,0.321780228553419,1.63281188893464,1.20587582609403,0.384162237275748,0.237526819552159,0.0768497032184459,1.32813566375434,1.17803734212847,0.888780744699523
233,FALSE,128461.926161426,53013.9605477274,0.0805892243405839,0.731552635005391,0.389833030591486,2.06632804952839,0.88446502965414,0.253718713680681,0.244700647886533,-0.0414651352952816,1.60758428375946,2.24277079760094,0.784434884138886
234,FALSE,120927.912597453,53165.8422763873,0.0762990551185806,0.81142531429814,0.479444444950146,2.19583208142944,0.840702021540629,0.358493758950683,0.230862026091715,0.00409386659005575,2.28156536195156,2.24507364481741,0.782193946703817
235,FALSE,100179.345901241,44971.7588151701,0.0762848857177781,0.829083185083044,0.395006698460132,1.7947001667605,1.09268234749166,0.238374479272053,0.226296860433138,0.0527951078129442,2.00033919540723,1.77688126352277,0.92471366687958
236,FALSE,123866.948810819,49034.6289353917,0.0756940042929247,0.74176922827447,0.460779238288347,2.44538203685446,0.800009154058445,0.242316198101632,0.225607613217312,-0.0441972306655154,1.90270532827507,2.04826580458951,0.848094518157647
237,FALSE,96373.5038046663,44852.9835396618,0.0816354000017759,0.793333535261654,0.441523561621074,2.00820149226212,1.09367165228876,0.33814122306836,0.231691848789963,-0.0010814929574904,2.04794711414086,2.6767478762359,0.927162402992146
238,FALSE,110399.986196041,46298.7685009923,0.0763343095566824,0.781592245932112,0.537780691880358,2.54200874241499,0.876685453743314,0.30479655813143,0.235626229358755,0.0439500836474293,2.36780850650001,2.83583732846522,0.898209635945472
239,FALSE,89031.1697310842,38048.4544114878,0.0772266127291337,0.782924878945523,0.345644880042922,1.6442798590969,1.44288566632204,0.312050671753802,0.256824040755677,0.106146410433111,1.49610168092687,2.27830345659204,1.09297475135926
240,FALSE,102665.728793907,44792.5260015566,0.0814287606560667,0.759963384176804,0.308082647935927,1.47502718828183,1.25319598085811,0.314528956589572,0.2730766609922,0.125390426005651,1.28186146089426,2.00128700225064,0.928413816147695
241,FALSE,122399.943244827,49921.4340849605,0.076405094194682,0.758947485273932,0.359628502901021,1.81100861869892,0.875938791092699,0.175122291083303,0.240549611949452,0.0103013606686689,1.53549414734584,2.290577427747,0.833028953639943
242,FALSE,163411.609455452,68268.1458423506,0.0745788926543856,0.789224126423942,0.408460529296159,1.98069589799764,0.746968979111697,0.232074198246989,0.230706755277781,-0.024840024062734,1.87130777621526,3.64626926281278,0.609156722903141
243,FALSE,127161.265321358,54193.4299445624,0.0754748969585833,0.792255891765912,0.425231954555874,2.02670592878171,0.740582596453447,0.13578994027782,0.227072266356026,0.0227353965692497,1.95396527820225,2.30784847943122,0.767362391392106
244,FALSE,142862.508197892,60966.3119285484,0.070652465123157,0.851150579374874,0.484231699638743,2.16975923085009,0.652097709726696,0.200363720571042,0.237693479932429,-0.0278962406793041,2.56207679528545,1.35085850983007,0.682114411787581
245,FALSE,120085.698020206,55401.7872704423,0.0757293458075771,0.845877539532191,0.518372397947854,2.24858556221491,0.739686770248447,0.220532206243344,0.232923969335999,-0.0299856406504223,2.72021199071242,5.0997280497991,0.750625603412379
246,FALSE,111859.649779835,44912.327839923,0.0713517004099739,0.800969451304709,0.352496860461994,1.70425741618448,1.18246061997409,0.392123706272858,0.229013690228392,0.0181822581801855,1.57873162820309,2.33837222388438,0.92593730942251
247,FALSE,133454.734376296,54384.8522346335,0.0754109327432005,0.771745126668419,0.385498255887949,1.90735649298547,0.712130390771995,0.120075796304344,0.228637213156125,-0.0176142249996224,1.70322060457475,3.25778045970575,0.764661450592618
248,FALSE,146824.88991881,54903.7751791024,0.0746674274990657,0.728539001975367,0.40006381722126,2.18624301685949,0.782165413518101,0.252977883860956,0.22858927046994,-0.0491721957279778,1.60554236267962,1.61407401958656,0.757434254098952
249,FALSE,177985.549774999,74224.5828615996,0.0718976466855237,0.822334291239514,0.416640851943309,1.95011767745257,0.586979361301713,0.171114234684319,0.234967410055695,-0.0497431166406137,2.08444248289299,3.90518708034905,0.560272599679569
250,FALSE,150859.076876273,65502.4510002109,0.0784397308162949,0.782799297469291,0.362873063220191,1.7383974687256,0.92508237748866,0.379605157707766,0.228701866928346,-0.00682742154756806,1.67509120494176,2.36771714606976,0.634877006356085
251,TRUE,70513.8520909675,28938.5780499501,0.0754162547882578,0.774000230241768,0.209526994486507,1.02496473185403,2.04159651021957,0.289271141862325,0.33992739239405,0.365774421987514,0.845978449224918,0.000775329189396722,1.4370436559882
252,TRUE,72058.1371434202,29857.3717970151,0.0746850989416901,0.786963439335833,0.238287808554676,1.14618887644637,1.80511923667783,0.258189537104078,0.314366667894565,0.310399498293503,1.00168391931535,0.020857924798366,1.39282185594639
253,FALSE,71165.0691287896,29820.285302173,0.0748027522897766,0.796953734044423,0.368122925057418,1.73883563376234,1.59658494748095,0.282689045718017,0.25977074056836,0.11397656248687,1.59568492241074,0.37360341477338,1.39455406206223
254,FALSE,81966.2539406437,33060.7084708989,0.0733088334917639,0.788682574851275,0.469148788861859,2.29931404589052,1.02335391872644,0.167919771450296,0.23159871856893,-0.050047284864662,2.05764309104417,0.905896264327115,1.25786778092204
255,FALSE,106199.933919124,43855.7951317116,0.0723664011110801,0.804359366641454,0.557055448847308,2.68629924154605,0.629584463572686,0.147956105892297,0.238969010010396,-0.102753384819351,2.5732694354573,3.62626408612555,0.948244123156477
256,FALSE,100183.531536352,42083.5666027624,0.0778330357029475,0.773411023906875,0.399482887417332,1.94402015872188,1.07077109039958,0.224515761693707,0.23672003229357,0.0837024776449776,1.71340681825531,1.39379760527239,0.988176700718857
257,FALSE,120079.296239018,56739.6183645512,0.0798155568957996,0.815152113793034,0.5125674160334,2.31377499123055,0.577992540553594,0.0913485707164146,0.231997594946525,0.0440770881746775,2.51890475608317,1.31982812850586,0.732927030506454
258,FALSE,145089.635396866,59951.3962699847,0.0724756988276577,0.794191141088944,0.55282264615852,2.72590763840005,0.451959441510567,0.0612422960812133,0.226135513788962,-0.0145234544832678,2.52027223904312,1.45616494195241,0.693661909269334
259,FALSE,108095.104712837,43301.5167603387,0.0733220534899603,0.775743053316344,0.486663652928948,2.51733062474264,0.685352865342817,0.0779147888379089,0.229220277216567,-0.01861342861946,2.17339574458545,2.38965530743547,0.960382063061818
260,FALSE,122395.095428617,51776.625812825,0.0747540382717682,0.800268887961446,0.495193724931611,2.39620096259296,0.715659203663515,0.12303822460286,0.221816479312469,0.00597524486148533,2.3272878066165,3.7036356757694,0.803180959499667
261,FALSE,136590.261100763,59115.1494136719,0.079927234890931,0.764711390717853,0.473162483526948,2.35534837666885,0.623307081258702,0.0968480949550806,0.2264817876812,-0.00653454845414085,2.07735381956621,3.28015724545609,0.703474497019239
262,FALSE,97013.3496955038,43531.5130346259,0.0798799999913575,0.789981904087131,0.314814141426294,1.49997208188943,1.11128478585949,0.145630084093595,0.23128555850283,0.0435257590838284,1.44240582110927,0.533669457887115,0.955307939030779
263,FALSE,115220.694894761,44447.8633217116,0.0810101894160636,0.680109689211279,0.343189690748199,2.09486748921846,0.714058304569279,0.0845839706794859,0.230915842178004,0.042086889267099,1.27034162689669,1.64998367301731,0.935613028212457
264,FALSE,158748.628468623,69628.0987742512,0.0836686597481087,0.725648285945477,0.404345801035655,2.15935596148033,0.44774276341183,0.0471407945562718,0.225375480283599,-0.00148031457812996,1.67955691984326,2.37127218620578,0.597258875828715
265,FALSE,138123.955139879,62485.1850236593,0.0722448426330106,0.85466142331539,0.458301559839266,2.10862086474864,0.484018730537521,0.0783692041826141,0.226492494320551,-0.060656179845195,2.51816950643368,4.21368112114755,0.665533757870028
266,FALSE,124774.890424747,56768.4297734874,0.0773151730805919,0.81679960268368,0.467863731494437,2.1902346120999,0.642805558404241,0.102931218995291,0.225785852037592,-0.0126665084870191,2.33757906458659,2.59267095178953,0.732555051565332
267,FALSE,134391.77752718,55220.6596116526,0.0715909548088341,0.818498541200305,0.424340847595759,2.03264072314872,0.597317665606565,0.0839766868440025,0.225401119309976,-0.0222236182991091,2.04547520720753,1.5161653347081,0.753087708340677
268,FALSE,100270.844492218,41903.2393679782,0.0728981585600898,0.813633594983677,0.375244807364314,1.8027134288706,0.847582398604257,0.119042612670241,0.229261183959855,-0.0107395685404978,1.78492126625752,3.08726458190152,0.992429240011917
269,FALSE,104993.767938829,43157.1352991925,0.0764159569889544,0.762248784956563,0.36823448050722,1.88422416703774,0.737783458856039,0.111248615149037,0.235486869899576,0.0864940912757175,1.56161127320597,0.806890687486652,0.963595004897791
270,FALSE,140786.497829488,65029.7189372406,0.075864191739855,0.842116564807582,0.430721036770418,1.95905355725868,0.570888559863588,0.0845046947774246,0.235312522698406,-0.102582381635774,2.29977178957207,4.215060351195,0.639492230316021
271,FALSE,158283.957879704,66129.4736383943,0.0732676456971655,0.814293344672207,0.510458228936225,2.40977547808728,0.452187830622959,0.0896905868511516,0.241238124562856,-0.0947590506271121,2.49003070269522,2.423819577161,0.628857266086804
272,FALSE,108749.539774684,50748.4359540654,0.0773144349452592,0.840056515317665,0.414471081823605,1.86217153445055,0.817881229772554,0.226526176810268,0.233766486458066,-0.0421923784396522,2.16837364860012,1.58584362539758,0.819453825880295
273,FALSE,86623.1684197377,40219.8332685308,0.0852466394246541,0.746251690668563,0.16982388671449,0.872378849186869,1.15440538427678,0.163506525369082,0.282861898241651,0.242564229233024,0.735398849459223,1.47657393177252,1.03396748868519
274,FALSE,164481.771452881,65639.0427711049,0.0734943973731908,0.7743523719731,0.409837665443784,2.12143756042476,0.459811092122512,0.0695001946340868,0.23433598595064,-0.062520026812416,1.84614156909339,2.42113196385455,0.63355585706845
275,FALSE,168986.820719145,73976.9721461252,0.0726618081709689,0.8344493806052,0.464800533630769,2.18144495799701,0.41724060519075,0.0780548119678106,0.232909783297748,-0.0567382507723963,2.41293569557572,3.47479462509459,0.562147906214059
276,FALSE,186258.724047783,78133.4983150483,0.077981129639046,0.750027741864236,0.411649624335702,2.15934664370373,0.381430291505623,0.0557366144521398,0.242757801416392,-0.0058046185583458,1.7508944438741,2.32193455340074,0.53224290345119
277,FALSE,179033.875593795,74255.9657521704,0.0774366464897327,0.762053825664631,0.430486301838536,2.20105252455863,0.42264725314505,0.0601685245345461,0.234601703262613,0.0255969258345064,1.87703046986006,2.87361079650055,0.560035810978386
278,FALSE,230607.061571822,105824.634056458,0.0733817268938238,0.867848528450877,0.48895317532293,2.16286548523033,0.395565338724903,0.0857836714509203,0.233395728949036,0.000576129047230989,2.80958207154938,3.09620770084521,0.392970884055348
279,FALSE,225301.147130158,106830.201018105,0.0752283372523138,0.861551718145133,0.459356706510319,2.02145339720918,0.312749131140906,0.0420522124976768,0.232577970673482,-0.0278966838561234,2.56626430393178,4.27325658796673,0.389271943735762
280,FALSE,142803.483945076,50752.5588662463,0.0705384801661986,0.727730665715756,0.391739345188162,2.25044358329386,0.632996202370513,0.0912868116655707,0.234505311817175,-0.0487159630884179,1.51296786365885,1.75655354623911,0.819387257095669
281,FALSE,148186.512752537,60940.6387792758,0.0737282532571289,0.791716492199593,0.455261436143215,2.23568226755858,0.582955912400351,0.0946235837645941,0.230959750862824,-0.0232929872990553,2.08320069480006,2.45128502995951,0.682401773808486
282,FALSE,134369.726876428,62194.3404334658,0.0775403386320942,0.815863144594599,0.41735520781155,1.93350264966577,0.535578875396955,0.0668160946167653,0.228965002283161,0.0221257905169882,2.06251335650361,2.98019011033479,0.668646048983956
283,FALSE,137909.278473387,59071.8087320116,0.0695984847234236,0.84815530388637,0.475307258385284,2.20586411867891,0.51147777249123,0.0761441632584196,0.236557118520174,-0.0761803263055038,2.47194336637649,2.51665383891224,0.703990632632587
284,FALSE,102051.556638582,47959.7490965373,0.0801218682986848,0.810333577066863,0.350747158322326,1.61100131139228,0.879872912257101,0.0934310548930824,0.226097270646722,-0.020504746645688,1.69678722797575,2.1478715683915,0.867102117575559
285,FALSE,105673.225492536,44607.9652127029,0.0776317276114345,0.764559064125652,0.33652438061279,1.67942233572776,0.853261953057006,0.103872820389546,0.232395755034292,0.0291510899843909,1.42474029419379,1.66232437824694,0.932255031174515
286,FALSE,120884.867647478,48187.2491540359,0.0727530234234888,0.767260557230356,0.347486574093513,1.79883763515042,0.725011239638864,0.105958894971747,0.22908365308746,0.0458380461696959,1.48145085677748,2.29956069499926,0.863008383546978
287,FALSE,163893.000286058,68582.1720230578,0.0764126536019964,0.771236256200367,0.389502012631592,1.98233546424688,0.469094192073651,0.0857706680017683,0.227086175910199,-0.018733484340376,1.79243114712074,2.33967623387597,0.606367497168484
288,FALSE,228861.562207193,90370.463808826,0.0712392697428837,0.779996768281493,0.423070508798107,2.19829361604319,0.346012400489124,0.0445153904250235,0.232006391710657,-0.0483878036746898,1.90687280283066,3.10454805427131,0.460172475024284
289,FALSE,154912.452452774,65686.1330838902,0.0708817018488153,0.842014350074621,0.429525576831128,1.99490837354676,0.579903132250516,0.0882517752010957,0.228091576334516,0.0126905780030842,2.25203026961495,4.11131839153248,0.63310166160777
290,FALSE,165782.320164962,70732.3707405145,0.072849626320673,0.822600169073606,0.437721595283114,2.09121042509311,0.50037428098123,0.0579674603548391,0.223104171157516,-0.0329959917230328,2.19558102489735,3.55904970959318,0.587934485506791
291,FALSE,218170.939882837,79438.942286443,0.0651591284387478,0.805404470084678,0.440354524908785,2.27746942177416,0.361354089672609,0.0426757874842068,0.234033483774609,-0.0391755386097693,2.13318865831866,2.77042112199888,0.523496396138409
292,FALSE,124638.457820785,52836.9816453115,0.0810977660126933,0.756912542307174,0.440537770476527,2.15983077386649,0.780521198265935,0.236114856092249,0.228015916404339,0.015033102888334,1.84285237975942,2.77629111257774,0.787062370049107
293,FALSE,160715.04610548,69873.9304536447,0.0751224067037987,0.81919280361319,0.446078404046717,2.077574656639,0.550098795072442,0.0798074201985456,0.224949333640898,-0.00148764778995751,2.19171898796052,4.05564639716884,0.595157589246947
294,FALSE,127090.937204954,55849.481592471,0.0749975413727181,0.826988471765357,0.439017279079226,2.01689155674821,0.63359557481016,0.0727828138566813,0.22807875774939,-0.0410660994305439,2.21082467744865,3.79819581730355,0.744608523019956
295,FALSE,132602.59193992,58123.7132040252,0.0762392362621966,0.806120298898367,0.477898150123724,2.22604689381692,0.508766141416619,0.115965137797429,0.227020649078778,-0.0310979184727339,2.27108024877221,2.6214163869753,0.715473903981759
296,FALSE,122634.719843892,56195.2889010604,0.0744857201543955,0.849060129986995,0.397040364707242,1.78333849942935,0.613531076226509,0.0555906327742913,0.227233896402111,-0.0169956319070562,2.11122046738378,3.55253132345574,0.740026447292013
297,FALSE,125115.649043403,54427.9384536731,0.0736922479422799,0.825411612486277,0.438641719145447,2.02674173606288,0.560588202713109,0.141957401213397,0.231478655500113,-0.0523413073103804,2.15111713575274,2.33692806105183,0.764056129654742
298,FALSE,102797.421912491,45742.4215546139,0.0776600812747001,0.80155052209289,0.369790643136481,1.73211149943638,0.87589516178587,0.165223358889432,0.22983355697447,-0.0296724109521608,1.71413188064602,3.06582038870109,0.909134203801359
299,FALSE,121550.48589501,47198.6323169168,0.0662370368388578,0.830084024153197,0.500412690885441,2.1083058906324,0.746270868256885,0.237003268184669,0.226616118809741,-0.0282041823850527,2.40822862206417,2.28122544540297,0.881084852645082
300,FALSE,144160.514745712,60992.0142698286,0.0710141174324422,0.825736147479343,0.481618806723507,2.29126350620273,0.69340900899419,0.246435604172232,0.230694333065409,-0.013266996848338,2.35488197238476,3.98700189538613,0.68182696534703
301,FALSE,86552.0921657833,42474.1033419689,0.078476322558212,0.842351526594795,0.440483051559776,1.92964058225831,0.80871776879037,0.0908952709310998,0.229669911373247,0.0283194796003879,2.3390869100671,2.53065346797334,0.97909071005411
302,FALSE,73129.4015694139,33487.36801969,0.0804323857372046,0.803228853922478,0.213898609396416,0.977381421078281,2.0022889683381,0.257750247826238,0.290755289599422,0.243809742950876,0.969670017807837,0.398438705053595,1.24184140048117
303,FALSE,88472.9628829235,37753.0140205992,0.0732952407386551,0.822137751600882,0.349891548414855,1.64473488230104,1.16558790396648,0.147216036757179,0.234676597896708,0.00525363265894239,1.68602036314402,0.392315010857963,1.10152794628025
304,FALSE,93471.5755413056,40356.7914577132,0.0736056247388674,0.826941024343959,0.382659993917993,1.78284447431483,1.00268717303772,0.130613510465084,0.230468924863465,-0.02388550909055,1.88167272451605,2.34840248765767,1.03045852997444
305,FALSE,134857.423408761,57795.575548933,0.072491981396629,0.824661635220387,0.477923817441055,2.21800368577785,0.524492070840551,0.0657865351829415,0.229188783981159,0.000743796462655766,2.37117933280069,3.13400173210803,0.719536047613038
306,FALSE,135556.501097878,53440.8880686692,0.0725650968098812,0.7768369809259,0.463687629492209,2.3199989191024,0.487924471649741,0.0713484140930455,0.23784299506389,-0.0565971756692671,2.05487898761522,2.11843442795821,0.778168206085269
307,FALSE,200135.10497415,85793.0301960703,0.0688114721547369,0.849616989760028,0.602144687280307,2.77101183496347,0.322193164579493,0.0764387221079425,0.250705191098871,-0.10896358860611,3.26969680126147,4.1398373079903,0.484724690396876
308,FALSE,135354.947982283,54934.4177166704,0.0749798982839258,0.770618836840157,0.494975266939053,2.44325719239067,0.482401508070852,0.0469894632613954,0.233779729033831,-0.0714902691547931,2.17684665950557,2.72499243039687,0.757011755626206
309,FALSE,101505.254977952,43142.8448591408,0.0769462059012135,0.78092080162054,0.382795772903247,1.82652430203938,0.851914391536357,0.0911087861774462,0.234782854493421,0.0324807831595495,1.69797946632576,1.7002127188893,0.963914181732248
310,FALSE,138346.506150983,58471.0183754158,0.0679182589252258,0.855113334784986,0.472198933374102,2.17386271470422,0.516714472667845,0.0693274788828327,0.237971435492499,-0.0636240555582626,2.55598461348956,3.93255109318074,0.711224144122053
311,FALSE,65577.9685257004,30888.6332486996,0.0852146507216134,0.769004300624531,0.179047711187704,0.82634639433129,2.38273796188851,0.442444324917458,0.271245933773207,0.180693650456559,0.760717946666365,0.475602633472103,1.34632049482962
312,FALSE,111939.2504813,49586.6727124251,0.0758506580259433,0.812009628160974,0.449623336447785,2.04516323401994,0.594116497839575,0.110972808198646,0.233778942549409,-0.01641733642208,2.15226318317277,2.68793748374487,0.838652761421914
313,FALSE,124142.526465524,58222.5780290431,0.072394954812114,0.879016657933777,0.600595868246236,2.59784606421714,0.518005838495307,0.0816839254753265,0.227161415560609,-0.030659951549585,3.5518156813202,2.92871685176312,0.714258993809167
314,FALSE,148199.171568645,55056.5123854505,0.0690607614154702,0.769077999992413,0.516686429266666,2.67762043606365,0.537939131598485,0.11234939742305,0.231728550421599,-0.0473906681244612,2.17883622798672,2.12541129873273,0.755332987837233
315,FALSE,98900.0465423779,43609.7805258795,0.078090538108088,0.792855798231557,0.342207252937986,1.60745969116379,1.478884837631,0.386028052496005,0.247037103312536,0.106061979017518,1.55043485421917,1.49081754634266,0.953593425569327
316,FALSE,136223.026705659,56774.1533560006,0.0679905264526747,0.869912270569083,0.526671566319568,2.32867272491117,0.656349033509616,0.173659113244032,0.227138145345986,0.0044070408940807,2.85526283577464,3.51564648918443,0.732481200366586
317,FALSE,127739.601607286,51045.5323056167,0.0704641217601954,0.811061492909521,0.493167563531499,2.32730879799476,0.59985722889487,0.131559676986683,0.23082444733182,-0.04793113569811,2.28699609834536,3.20472327917593,0.814684422350987
318,FALSE,102661.067850907,38834.9666734394,0.0683824500826745,0.791405639846412,0.468936876483285,2.33229426437279,0.851125861807821,0.225768842444502,0.229248031703493,-0.0432518664124957,2.03710847284116,1.67040690411394,1.07083908040128
319,FALSE,107537.58253358,40747.9103611163,0.0713286615487414,0.757030201116717,0.36377414075013,1.92674034700821,0.914314197045975,0.161681240537266,0.232680870442594,0.0332007360235625,1.52129575097577,1.63838478652811,1.02056767160466
320,FALSE,119853.626833845,47188.3231196203,0.0756357036750263,0.750132546340676,0.439847450739441,2.26646378887716,0.718813394615848,0.146894260777191,0.228772631924392,-0.0711588826995847,1.83943026892628,1.3360575109045,0.881277342587092
321,FALSE,87944.6956924209,37173.4044335534,0.0771019229051744,0.772947881864115,0.276463307289912,1.35092872027203,1.3582128088183,0.16103825447156,0.254384017418184,0.144550069315897,1.18131328671674,2.19495136137628,1.1187030252861
322,FALSE,93779.7351198477,40988.4439224804,0.0749265510073542,0.810028406565993,0.337976273617331,1.57867915315335,1.07338010488423,0.146360810731151,0.236449551847888,0.0749434230424675,1.59035852139629,1.32582665788779,1.0145786475488
323,FALSE,78319.4505531529,36170.8756898142,0.0810688928782364,0.787472054349841,0.239809440514619,1.11472819221463,2.07810333028478,0.362057919590885,0.265467314739641,0.156788609274654,1.07118684419783,0.338268587524993,1.14970951648015
324,FALSE,138806.807506643,58576.0803569791,0.073128912979048,0.81395651216532,0.436323534372339,2.03327663978881,0.731709246526518,0.194622747331338,0.230634877624815,0.0151605542119439,2.09743220421313,1.05356746968183,0.709948493421943
325,FALSE,162652.271641931,60215.9487788248,0.0751473111791319,0.715218536523919,0.329942493005118,1.87163461608026,0.671250695884717,0.087242323528506,0.230915789119818,0.0363807567722888,1.32681557103354,1.51510366999809,0.690614377807892
326,FALSE,413296.540301591,170010.690841875,0.0728174723355445,0.801906375021782,0.520686051947552,2.56372606690439,0.202158753257029,0.0343722240190763,0.232720997162032,-0.0910102551536212,2.59049592989201,4.07097609553301,0.244608146664604
327,FALSE,171424.42414568,72911.1367239059,0.0702118433858003,0.843798375623534,0.365825076226966,1.71187669508016,0.764106702025369,0.264872788825489,0.223226964117256,-0.010273995503302,1.96935023767664,2.29866542813124,0.570365541789241
328,FALSE,200407.81506662,90749.6167407993,0.0741176467299979,0.845674886634694,0.427873723509152,1.94007932253316,0.566613073568634,0.167978201650704,0.223667244412683,0.0127134002099579,2.34315031799928,3.33539957500483,0.458249869184337
329,FALSE,151751.501027001,67960.6677944624,0.0782414956015212,0.807125083101192,0.300080798608734,1.39303522275329,0.886402653750222,0.178665129665225,0.24437548109794,0.0947592725887921,1.46067180240269,2.85820645151492,0.611912762920033
330,FALSE,413617.35274361,179262.305663337,0.0770438778087327,0.791262025427413,0.560644661608312,2.70412863112118,0.241858265283088,0.0883926800154618,0.237160982329923,-0.100273351028502,2.70780253224269,5.11511064507487,0.231984074098101
331,FALSE,274625.873644474,106653.869234204,0.0698979331205009,0.783189487544412,0.393720599294322,2.02290374306873,0.353515001334372,0.0446398389133208,0.227470500951784,0.0094401972173376,1.82769035637297,3.8406865822109,0.38991553047813
332,FALSE,173773.886594983,70245.270651937,0.0726400110773132,0.804628265087658,0.421078679015244,2.00117051518692,0.480281330581316,0.0668451861920693,0.223668231296731,0.0071308011069485,1.99269586016696,3.70921812985929,0.59201138545052
333,FALSE,171429.593464875,70153.7782335932,0.070359175494914,0.826523839399144,0.462852508642606,2.18429006427246,0.440423381751571,0.0880497053002163,0.223152402566246,-0.0633799604135766,2.34236026963339,3.38110293692775,0.592783468646975
334,FALSE,174056.14392954,69438.6274735437,0.0718619089809906,0.796176287164595,0.440088320711493,2.15116487757309,0.486658769043432,0.0600490725851132,0.224891373702195,-0.064090461355145,2.04483791948662,4.58652193331272,0.598888565529962
335,FALSE,257017.46409873,102321.963756056,0.0715961886694014,0.79239629604824,0.38686174945359,1.90947743469348,0.409513000137663,0.091427975185497,0.230771685032094,-0.0404881516337214,1.80156501908901,3.06498441194041,0.40642300512473
336,FALSE,208192.398974368,80778.0214755095,0.0802393495279259,0.706397972871935,0.421398955524295,2.28463633114972,0.513923461866554,0.17263250480338,0.232178989958407,-0.0293465410325956,1.65473315100649,1.86851378250962,0.514818254277349
337,FALSE,169087.206123525,65801.4741538811,0.071212363138337,0.778825205396292,0.372387626823244,1.86736739427737,0.632667400895113,0.194958618935465,0.236166915400315,-0.0182323090691446,1.61494791819653,3.4670333363931,0.631991920161977
338,FALSE,168556.075247649,63246.4939006739,0.0738729063904784,0.737863285167195,0.325076617581331,1.73912944292356,0.585525255707029,0.067847475437797,0.232642040252378,-0.0251445521522979,1.31848579698824,2.56617595005144,0.657522614064728
339,FALSE,155920.938811438,69981.6221891382,0.0743902910671411,0.837957774964914,0.303230319616396,1.37185672833191,0.654155325556699,0.0730195093454418,0.233344485056161,0.0245682427005715,1.58642048746726,3.63807953452452,0.594241726600824
340,FALSE,161245.082417417,66857.0400222803,0.0776615980383348,0.758446349786058,0.391843942389361,1.96983045067288,0.491469541620706,0.0520268042888669,0.227345256546002,-0.0207964124381522,1.69325236374181,1.60643979450219,0.622013777249806
341,FALSE,179764.034892437,77642.1892283969,0.0797050980053225,0.769252400838408,0.423910376539207,2.04848015257031,0.489996658508026,0.0946602586222432,0.23040627253423,-0.0646213052325454,1.88182874491836,1.83643459919243,0.535610863285528
342,FALSE,156112.359738936,64137.1583710954,0.0790447283523856,0.737704957726179,0.454198147800644,2.34376021788653,0.465476096053444,0.0665525271301391,0.226173112133485,-0.0557836512767795,1.89535350574923,1.49371785193392,0.648391682078973
343,FALSE,189127.461146684,81965.2462427799,0.0747988339945327,0.810401856354577,0.436127851276161,2.04209651826798,0.463949415620509,0.0789427265107872,0.224029144333226,-0.0249176373584064,2.11808137083289,2.21406043688741,0.507361374561394
344,FALSE,163720.316766014,71834.2375111431,0.075628052669291,0.814961136820498,0.3796805632219,1.7628276337334,0.548927385241787,0.159673408475464,0.227854198181545,0.00182740651262678,1.87725750127012,2.0700259621559,0.578916146963334
345,FALSE,152988.13962535,65813.8856364266,0.0697830821352325,0.855638171699875,0.53589929840095,2.43888511235733,0.407148026137156,0.066306501285633,0.237265803803902,-0.0870956038986913,2.89870414038303,2.92059424865369,0.631872736244933
346,FALSE,127951.163893268,53378.6801918566,0.0757034797586264,0.780248132932848,0.433731999874081,2.12193112180133,0.809941161205366,0.19211009645895,0.225096205106822,-0.0353980609370584,1.94464878238533,2.48611494191259,0.77907508860334
347,FALSE,121321.23383952,53665.8754049761,0.0746667372056701,0.830466742941714,0.496623426321442,2.23627076906007,0.653632547078901,0.110391747117578,0.227090677146557,-0.0140376468907871,2.48296413679383,2.19988059423987,0.77490583515468
348,FALSE,87807.1822485598,34852.3237758167,0.081392249733801,0.701518611190112,0.219579579802779,1.18841566054913,2.13280620091217,0.39655432699986,0.297069502384155,0.265820188029014,0.777173730697094,0.146585250260707,1.19320594711265
349,FALSE,102113.565876099,44836.4567191057,0.0752338445779636,0.821246781451902,0.511398277721324,2.2892020045823,0.885890314720409,0.376900756778583,0.226241308211788,-0.0564159305990324,2.50536897728752,3.59606426320748,0.927504157175725
350,FALSE,111578.270470167,50981.0904721397,0.0718642087858843,0.877642909269821,0.512343388493447,1.97975831824035,0.806601134204161,0.232634685219724,0.232555071712101,-0.0443781377124322,2.93728979145208,3.2672914606904,0.815714211188284
351,FALSE,80763.0876582908,35850.9338965375,0.0708665887377325,0.866242461210124,0.359786541716754,1.58914794820713,1.13793779910284,0.164971850870082,0.24467353624811,0.125843597696479,1.94278045572017,1.37426905368564,1.15996978265652
352,FALSE,86200.354392887,33037.0443545615,0.0680136753604002,0.802119109170609,0.301827481364385,1.5048464623044,1.43305043092769,0.375823270448936,0.244227745460233,0.100899519541106,1.34693310772603,0.40058088279129,1.25876877948551
353,FALSE,80179.2196141368,34592.7601639479,0.0734975583490445,0.823602676998304,0.343437919303136,1.59374648123685,1.40646863960992,0.364635252666246,0.234660884397182,0.056780644319339,1.67163391963491,0.414353622491617,1.20215905880041
354,FALSE,102774.43177091,45434.020978632,0.0803156016358942,0.776239397588436,0.552314972965063,2.62135704271878,0.617978127585503,0.106895077254277,0.235967539389592,-0.116892036152014,2.47696060892737,3.61661570065114,0.915305295552825
355,FALSE,90408.6327614911,39457.3474782682,0.0735150612146387,0.822401937399746,0.482080651267714,2.24474088464808,0.780982533979996,0.0805427233099539,0.225162507850668,-0.0237177628241188,2.37069943494402,2.1801322366663,1.05394819109176
356,FALSE,84318.2013914811,36807.8628584742,0.0743970735206585,0.816883300159252,0.387927288392701,1.814085451418,0.959065151103178,0.116295692115595,0.233970338214659,0.0825914033093901,1.85024124185473,2.68682886961481,1.12981294675808
357,FALSE,104831.742614608,42059.2202075621,0.0660700503547966,0.837433453634406,0.428116266646937,2.0816946966138,0.688559605892531,0.0629418372052794,0.2272686556352,-0.0281826502625026,2.15551217051887,1.72901185513931,0.988748716566148
358,FALSE,87518.3995941866,37652.7485270974,0.0720349069216857,0.823485459909351,0.362427658077341,1.72064476981822,0.917913435826889,0.0757039045926373,0.228478470015138,0.0298074196726409,1.78926203177961,1.66529473240096,1.10446120473973
359,FALSE,103605.886020771,43829.8610234109,0.0736061524811395,0.798068237456534,0.398594106452624,1.94514996756658,0.700143195332333,0.0677341159592149,0.227629748406071,-0.000324896844962463,1.86537041052818,1.06932299770397,0.948805198761356
360,FALSE,127320.171864603,54029.91629938,0.0737864865819122,0.808543823774259,0.441132015622533,2.09222434679722,0.658272937494065,0.153855246470406,0.227403009646651,-0.0358768097929996,2.14155187312128,1.54081397700177,0.76968470151928
361,FALSE,101714.942868611,41624.189916915,0.0769432828399452,0.765616116617645,0.435070024609091,2.18036383993053,0.735839695120407,0.0824875549683611,0.233496912564406,-0.0499866785095228,1.87481929789081,1.48224977127894,0.999082506662803
362,FALSE,147186.006776167,70437.0980628419,0.0741085986802065,0.883191609730091,0.585044573628353,2.5079631501301,0.489666486424996,0.111337477192745,0.232551978665107,-0.0793673102685825,3.58666963799384,4.13220858523472,0.59039910989658
363,FALSE,104741.163860148,46115.8687709338,0.0756050609700583,0.81441566526411,0.465619903286575,2.15362926027641,0.773699635052061,0.143732105162909,0.230687738518769,0.00422711874461301,2.22095055632464,5.27769243072957,0.901772017059149
364,FALSE,145477.097505574,64317.5667732757,0.0703950705404584,0.858124945189605,0.495647365030394,2.26913239029772,0.462360009808894,0.0412943822464071,0.231380210661266,-0.0697712758942903,2.69342957465652,3.9317517132394,0.646572967329342
365,FALSE,183975.279092449,77919.6558834041,0.0748345040436303,0.786282879909002,0.458112960299315,2.27189800721279,0.37349368366437,0.0299122825639621,0.232116765391048,-0.0432342125477389,2.11346363586833,3.05577924821991,0.53370358901774
366,FALSE,160626.724219896,70722.5991012036,0.0812293259422662,0.752676433933696,0.420343212323474,2.08668666049275,0.410439874468558,0.0439537793384125,0.235989091421742,-0.0299176036735012,1.81711082700423,3.07766345158918,0.588015719564982
367,FALSE,197247.415591525,77767.7836840968,0.0718939280966542,0.770962263656286,0.457188313315655,2.37415070788397,0.322712541028087,0.0308708403156867,0.234533710943809,-0.0392601546852558,2.05257779340436,4.19782056170763,0.534745855287942
368,FALSE,169373.001290456,69770.0792118201,0.0735302323692437,0.783638648553663,0.420328712276108,2.08334473051248,0.445109045515395,0.0496296494318032,0.234843806332698,0.0299960477813087,1.89209102641165,3.83341590577241,0.5960434683433
369,FALSE,200920.733722664,90243.8118395788,0.0761076488153145,0.820643293200148,0.575131281366109,2.42768497224552,0.314082915579009,0.0952247725686506,0.238416595008639,-0.075201089902781,2.87617726505801,3.66702105656681,0.460818300471672
370,FALSE,121226.86390303,56071.1933495277,0.0769866915375387,0.827857825649611,0.40817724894427,1.82044493094855,0.620963139640298,0.0793392801936822,0.227751099515243,0.0202484761310449,2.06732486179465,5.49331785161728,0.741664257808244
371,FALSE,138851.790658736,57907.638451875,0.0704969988302468,0.82226139896256,0.444659595105446,2.0848148557275,0.494253976041856,0.165457725093355,0.231985089517674,-0.0288022656447027,2.1320097269314,3.54200821195382,0.718143600944125
372,FALSE,122111.108833261,51322.1536929848,0.075103288460724,0.782561553402818,0.475680989291021,2.29485795978872,0.525922597065678,0.134014973842286,0.232323234683825,-0.0664626031888019,2.10179450927253,2.31617972097986,0.810293353018121
373,FALSE,141913.488567928,61870.596682364,0.0730756666665666,0.817942604871551,0.443299232502172,2.06802370718844,0.425673355845588,0.0812180195016127,0.242354912483613,-0.0647240533493811,2.17372333855612,3.30822769829808,0.672144802700018
374,FALSE,153851.604159531,64230.7617314607,0.0642208958622422,0.885508252109622,0.647241149427795,2.57690959666166,0.336058988047072,0.170008959086832,0.277626578138206,-0.203249086023002,3.73053495133985,3.32418470023038,0.647446782179929
375,FALSE,69896.5651647767,32081.1066843031,0.0842689742672949,0.762982151328889,0.26458769957643,1.22537942911226,1.54453292144896,0.421760804654856,0.271295361049646,0.122446163243112,1.04775483808473,0.778887982906002,1.29627697726362
376,FALSE,95042.6635486575,43218.8908217134,0.079592338196743,0.805974120279835,0.324908438096331,1.44674564766825,0.821410231778576,0.303358286711751,0.239974299433298,0.0258045649724053,1.47029077083974,2.37725989757913,0.962218122893311
377,FALSE,103231.878202134,39457.0639365382,0.0794553718206716,0.694036813531684,0.323097137886739,1.80408830820992,0.750109823159346,0.214952192707773,0.242807474682072,0.0428172828418327,1.16913517209306,1.65204024005227,1.05395576485077
378,FALSE,94977.724115954,39720.906850331,0.0781830748136467,0.756211452452671,0.359632242317388,1.78421074030055,0.874544819974524,0.193358276023176,0.236163972558628,0.0359558229722976,1.45902897984397,1.52381451525559,1.04695494885595
379,FALSE,120092.978933344,45486.2503322288,0.0698359434433292,0.777456166385675,0.413890171024199,2.10531643261264,0.689826877664981,0.116852058324669,0.230531521105135,-0.0488655964092817,1.75717663069431,1.23524290442314,0.914254300942777
380,FALSE,145564.371581838,65546.638785363,0.072642066848555,0.84791423908907,0.461567598579731,2.08672909768156,0.458685297946588,0.0498989006799535,0.23288919237705,-0.0537601631172437,2.46024799700433,3.19156221429555,0.634449008684889
381,FALSE,119079.47130638,52224.5872219287,0.0725006282584032,0.826800906671737,0.352490022099625,1.64601021219243,0.642187314595998,0.0632824186591114,0.231000457820892,0.0253168452432965,1.76818829447611,2.31436949186014,0.796291597734991
382,FALSE,132728.621729062,54838.1677024894,0.0759827352198572,0.756939263744635,0.473429201786033,2.38348585421905,0.486380200207704,0.082109076559627,0.231264469628649,-0.0183948977669854,1.9945744899415,2.2499857789558,0.758340435909791
383,FALSE,116323.850530362,51082.7322272416,0.0752440760106198,0.813891001331488,0.458849689102312,2.12743530119438,0.626165686133848,0.0734092402570994,0.22849273179715,-0.0561028332382117,2.19908192698011,2.36405606132836,0.814091145614621
384,FALSE,130899.438967988,53957.9497754076,0.0734156012649013,0.779665921455469,0.42862921252349,2.13858679860511,0.517097176575479,0.0677088019767149,0.231871209763782,0.0207316628036383,1.89734609563556,3.32967722008318,0.770711270037055
385,FALSE,191684.292311638,81290.538255421,0.0769251870959728,0.778397542125524,0.478863231251424,2.30464171164818,0.332766239494781,0.0524381430213061,0.243268245066054,-0.0442342797773768,2.13835685529813,2.76017622155169,0.511572452249408
386,FALSE,136271.679482329,59872.6248027438,0.0720342578357302,0.844894307507647,0.389795862264643,1.74479887991387,0.580467390142899,0.107902762932299,0.238665122177188,-0.0451436315533194,1.99636912381894,3.35214492637689,0.694574526121231
387,FALSE,108160.540716834,47524.4931238279,0.0777414399705207,0.78990394181516,0.39105296757427,1.84172359582849,0.698362175085042,0.0939988612388787,0.229749537304077,-0.0271611099788501,1.76768613315079,1.75118076556746,0.875043525275382
388,FALSE,130187.921525692,54789.1284543103,0.0799707972204093,0.734351884229014,0.450461398694959,2.3064849578408,0.608608087813983,0.0896131236985644,0.239490661727,0.0551723371355637,1.82485641272009,2.16966136807343,0.759019191821593
389,FALSE,162599.724311693,71557.468225319,0.070608233595589,0.872270992341367,0.418996760979852,1.8470930864929,0.487911623207811,0.0958252368997849,0.228447945691102,0.00660059508942874,2.34605542992306,2.34379884199684,0.5811552732561
390,FALSE,165517.870440675,70724.8918538289,0.0776097476978978,0.768627711252285,0.348639724196479,1.72577004368366,0.513670316353967,0.0567246703219927,0.232191438088846,0.0242434804781186,1.53953987825532,2.18124572850797,0.587996657328909
391,FALSE,163260.688432751,72419.4282455472,0.081235393671154,0.776834018057794,0.360348234888462,1.69158772345884,0.722223567017663,0.209203199058343,0.232849622261269,-0.00597982802409192,1.60840611835718,2.55989541897706,0.574238170715701
392,FALSE,183169.679568243,67620.1655211976,0.0737001979096259,0.735325063204081,0.35491536972142,1.90622341242897,0.704676666148511,0.273407205873796,0.234685667360804,-0.00249665348025907,1.39929503262024,3.29202656428737,0.614994058051568
393,FALSE,255281.610112742,109256.364557893,0.079825162127887,0.767019465394441,0.391082356542011,1.90924194713049,0.334715946246792,0.0510598754198522,0.231153583982152,0.00106534623140595,1.73771549136791,4.52726182194405,0.380627711422378
394,FALSE,145740.272877586,62424.0490400065,0.0786569851140524,0.77762332440371,0.389067773817793,1.88777989386242,0.586249028281169,0.0765419950826018,0.233827257128947,-0.0188482117112295,1.72899047014301,2.51666921305393,0.666185558923745
395,FALSE,162295.048212007,71240.2982406704,0.0724298330935529,0.843642802556831,0.314175115467618,1.42584411619655,0.552483451816777,0.0534074005577972,0.226532070671877,0.0254344101958672,1.64099559063931,3.17652752964774,0.583742643236984
396,FALSE,120401.464298047,55939.0687633949,0.0796347669472947,0.81213228866822,0.353018382465873,1.61759699232516,0.802133702514836,0.115147438824972,0.230747727943335,0.00369043484718627,1.71116565347596,2.3905094881894,0.743416022456434
397,FALSE,116242.336774374,52802.5354888922,0.0776236215862166,0.818763529429119,0.401544416965235,1.81781734714911,0.707795845366886,0.0995119376588716,0.231617365870205,-0.0195504597786291,1.95055762704716,2.69516521500462,0.787575816482302
398,FALSE,147785.527713352,63746.2405352763,0.0766685690859563,0.788811608942791,0.415371813288394,2.00940472815206,0.519302403698404,0.0477126187277944,0.236005934790813,-0.0549826903435853,1.90313604665988,1.93772519003422,0.652367883200687
399,FALSE,97479.4588478877,44502.2430965095,0.0835576068986773,0.758341332468429,0.24923279978221,1.20777609728317,1.07186737801679,0.108244382321612,0.245372941443035,0.0996428232778171,1.06797735407369,1.27561436988365,0.934469750430665
400,FALSE,121949.197367651,56599.0899466408,0.074706999158999,0.8488030460852,0.395767048592011,1.77512716426028,0.593797349002004,0.0567740866056159,0.23206108256497,-0.0398034787648728,2.11772755900342,2.06189913945194,0.734746796091695
401,FALSE,87705.3416728173,37109.1184375666,0.0697817432438701,0.837012766638935,0.458707919179797,2.1371713247987,0.860403521095605,0.12964836530063,0.232651256724552,0.0277629387124029,2.28578683268778,0.46152799162048,1.12064101091395
402,FALSE,82504.3052028667,36105.1511234378,0.0724597608026122,0.838918267058445,0.446762857155001,2.03526711397921,1.33321518231462,0.443717410754763,0.226830985614222,-0.0422415571816706,2.27588178767295,0.53127174628268,1.15180240785654
403,TRUE,60838.2714194743,26393.1316484145,0.0828329326365432,0.737161240878931,0.134017228983958,0.665649536548323,6.4301760555674,0.9,0.389779632264347,0.453145303054099,0.480219574701114,0.000763742736130495,1.57563719811545
404,FALSE,76735.5204127544,36001.5962459107,0.0767062651646019,0.841742306673495,0.448192547506059,1.97992907150882,1.22597344229414,0.194939929451128,0.227440624632618,0.00403104150838169,2.31797765602335,2.44597071636204,1.15511544865802
405,TRUE,68602.6640714688,29966.3879864077,0.079845365042792,0.76820134666739,0.162428415473166,0.770661907388582,2.82602422484565,0.492499286332901,0.351293014291562,0.373681941169866,0.625956114434195,0.0346140006595161,1.38775484115279
406,FALSE,106782.279929706,44929.6629070234,0.0726672759347791,0.811837735238073,0.429926030565579,2.03491834348818,0.67044716505754,0.0680237099126085,0.23268299366529,-0.0802665902173941,2.04129559904717,3.6084841556757,0.925580058013284
407,FALSE,82664.1465947877,33867.1201929869,0.0837976249140736,0.695786478395127,0.265163759687692,1.42614933406565,1.72308406066763,0.280931693012174,0.266847215581963,0.208636683557679,0.970910647404205,0.730084092170068,1.22791662718968
408,FALSE,113107.737059566,47777.4977086574,0.0764635505672924,0.779404305409519,0.365160756362427,1.74848159619905,0.919220232073817,0.179539420969034,0.23239831831664,-0.0258251612227025,1.62427190053266,1.49604795070801,0.870409753428014
409,FALSE,165100.054598824,66164.5784205154,0.0707128606230084,0.79908479307737,0.540439582776203,2.6027124039273,0.507212241852095,0.183319758582505,0.247605717269939,-0.089543678479859,2.49624408769695,4.79215245376666,0.628523614791227
410,FALSE,115196.084557739,50006.3398980811,0.0769446609255054,0.791532177217901,0.385117379298809,1.80374512203166,0.924551067805559,0.16130736204981,0.224228210877637,-0.002079939549263,1.76622142158094,2.20786508091879,0.831614552969827
411,FALSE,131768.531716478,55495.8932295051,0.0733578862952323,0.811691557773942,0.450240023951473,2.09562290991489,0.772611017399476,0.176158122758142,0.231029836570164,-0.0745306165639844,2.17187840162956,2.04914053703884,0.74935274630178
412,FALSE,124309.433557533,53295.3774321899,0.0746289312983007,0.809948110465758,0.426890863914729,1.96509312484629,0.774975818574529,0.128747983915406,0.223168427509995,0.0181229141889722,2.04165231572062,1.68211378684681,0.780292813441686
413,FALSE,97337.4915760706,43258.5424704841,0.0801711119600022,0.771990625248126,0.321018934208518,1.51564563173569,1.34201311322827,0.173839963758432,0.250466697573181,0.174232300447027,1.42379402552705,1.82231981889156,0.961336134438063
414,FALSE,128179.474181604,51301.3138068696,0.0703868015447085,0.798632463411145,0.490894138839609,2.39305357102278,0.783147779073664,0.175780457300763,0.226792609274639,-0.0431639825482258,2.26503403421595,3.38718123188712,0.810622514592041
415,FALSE,90750.7611497757,40737.9879541191,0.0820877384650101,0.763412699008876,0.355935356885415,1.67161248872211,1.56794768347645,0.297117591165956,0.257873376280323,0.0879354173386473,1.53227845579882,0.399517869450366,1.02081624764669
416,FALSE,165970.503630182,66829.574711345,0.0734347274201024,0.77517774766717,0.541752815798074,2.66794603058684,0.451093603786288,0.0838001485122048,0.230332048851732,-0.0841601627864089,2.4254129854477,2.75800278841701,0.622269409608263
417,FALSE,145537.450200945,56878.014712074,0.0794385023941028,0.709462282145675,0.352551955780764,1.92086135816178,0.721412081052251,0.0954879273513543,0.225012159343042,0.0117315986456533,1.39222927613682,1.93967349389216,0.731143662635119
418,FALSE,143706.205204401,55011.1673188561,0.0763772970124156,0.724779584537301,0.399477919679296,2.1492718441622,0.684027412284629,0.107916789094653,0.224128322378148,-0.00167859611364252,1.61518592223415,3.74662242012322,0.755955600050421
419,FALSE,230245.988823317,102257.487879895,0.0698312655767798,0.875469905322601,0.519058401144062,2.30488685134508,0.332573360921474,0.0304845192998768,0.230314025988983,-0.0753002932882818,3.09002584047189,2.99456115915989,0.406679264885169
420,FALSE,259946.326172283,96196.537912567,0.0701217681153217,0.751467906771927,0.487580018815494,2.64519211599172,0.295632412474279,0.0343275206586943,0.22644496878477,-0.0545535226264628,2.12718869469186,3.39488627010467,0.432302460175828
421,FALSE,266281.094825304,115335.722426785,0.0724161298877792,0.833943929646123,0.471294965234002,2.16825125886844,0.297333749747303,0.045011645375033,0.229496138124303,-0.0270520901487391,2.5252634998888,3.38799282779519,0.360564785349993
422,FALSE,193697.070252004,90895.3363891254,0.0806480081294825,0.809202596294072,0.459137685814011,2.06249101245791,0.437129751514907,0.0674156260926145,0.222002261977329,-0.0381834174732284,2.34378663495395,2.82019606236308,0.457515221924799
423,FALSE,172708.119518642,73250.3347071288,0.0736877188449993,0.808996623217805,0.4499542375324,2.11295362782085,0.483631314848995,0.0946670624677426,0.221269873598335,-0.018024725058784,2.22581111777482,2.45163194951003,0.567724368308624
424,FALSE,165711.503194944,66761.4163737142,0.0811086582613457,0.719216274057721,0.468577126068831,2.42267827018765,0.530950559610367,0.142964649787601,0.227044010559434,-0.0190635673087995,1.93039947564998,1.91898051712126,0.622904699433153
425,FALSE,166368.605455533,69017.6245277179,0.0721404190729842,0.814479713792107,0.534317828905502,2.478084168273,0.514510744655915,0.111766351505826,0.224542457798656,-0.0304195132733224,2.60423867148874,3.86239955375368,0.602541746178163
426,FALSE,238426.401439797,99945.5076795915,0.0740644304149604,0.818423627811099,0.488466286860785,2.16784732629501,0.311935088312716,0.0902101684791644,0.233334348457968,-0.0492398454347829,2.42903431484702,2.706483272415,0.416086735316986
427,FALSE,160575.615354729,68211.8252456729,0.0723816479571265,0.837784286742794,0.422078585698283,1.89180690789016,0.509704317745353,0.107012213863013,0.229339978712626,-0.0220472848702719,2.20216780847539,2.43786899085072,0.609659686575211
428,FALSE,137208.512814117,55469.6473915918,0.0797488360080128,0.735856501622836,0.398331617887475,1.99315249927079,0.63424688466519,0.0817786834618637,0.227965093835366,0.00643006903135044,1.63998161022967,2.35033678458631,0.749707307609525
429,FALSE,191279.734668683,78460.9247748764,0.0771214098201675,0.772744379318388,0.454957442493479,2.15721381706619,0.411835296005156,0.0856734781818328,0.228288357957495,-0.0271743193074144,2.04338365325854,4.18460815473239,0.530021792622511
430,FALSE,290535.191979669,125463.277073606,0.0754231207220412,0.822515732873508,0.510537670678616,2.28880936724799,0.281126648689519,0.0502051594147519,0.234079375776273,-0.0718832668726288,2.57773125068596,3.55362098210947,0.331459539157443
431,FALSE,177512.200047719,77039.620076395,0.0706063591795746,0.854938189718055,0.418076261476946,1.86409868667724,0.420481993296139,0.063162200358964,0.23545054306179,-0.0464124438024029,2.30683715468843,2.83576271012397,0.53980016981862
432,FALSE,155045.215477305,66658.900280629,0.075322605753555,0.822556405088274,0.395465466805698,1.76734283578914,0.491582248635067,0.04721155317764,0.231760708170257,-0.0122616792919049,1.9641145132021,3.281047940396,0.623862677375805
433,FALSE,128187.248377228,60418.8779385733,0.0743653481815328,0.880820472762809,0.406806096521827,1.70410491376092,0.540610287065185,0.142313016096186,0.226700996091551,-0.00984406043177346,2.41098591174621,4.68558680634043,0.68829480816045
434,FALSE,116467.121048408,46020.2478802634,0.0816866555412803,0.701691283536438,0.37640386279986,1.99519242875571,0.726905358656818,0.152759560183359,0.232726484357245,0.0253945172327982,1.41761744325307,1.71497005847288,0.903645719340745
435,FALSE,81600.9786531768,32288.7109733245,0.0743753307900313,0.761443641707555,0.285171235284128,1.42089426009571,1.34473951120706,0.214096452035009,0.242052780297851,0.0629631251664049,1.14230690124306,1.9609640696506,1.28794240297659
436,FALSE,187312.294328896,81947.395439382,0.0646569186908319,0.916266156297143,0.532672326464609,2.30116943372362,0.406827020425316,0.137270214303006,0.257301304595929,-0.135233791997232,3.64206682016902,4.88034800170037,0.507471894341803
437,FALSE,133669.093661416,58525.1555127842,0.0777252682470063,0.789214201009541,0.41612965149663,1.94301054458617,0.573974697664966,0.0815160557553752,0.232234822305559,-0.0251457810250478,1.92042369417947,1.85975936895257,0.710566245157878
438,FALSE,92198.4047950826,43154.7621709541,0.0742184451884443,0.857591261613682,0.326313394458579,1.4226729494876,0.927744351754292,0.196224777500053,0.231562430514709,0.00137990095054619,1.76817691131878,3.40460520912147,0.963647994055914
439,FALSE,106180.740957764,47699.3830043809,0.0780984853281454,0.807246615278465,0.443050329792613,1.82145876149883,0.816692356981842,0.172127165827269,0.237583138126624,-0.0907735772438166,2.06974931451817,1.93297523725205,0.871835176488144
440,FALSE,102705.196921392,50396.6895316434,0.0748654905087301,0.884555456594091,0.37506792320246,1.57291709767047,0.724728594901406,0.118082388433996,0.236452019081506,-0.0820207478599237,2.26903430513942,2.59608946238365,0.825173248212836
441,FALSE,118819.812784038,50958.5920819215,0.0722564236882023,0.830817054432131,0.43517254695525,1.98226882111164,0.656407806476799,0.205237541685534,0.240717133788986,-0.105396891586198,2.16348225216293,2.16668494212087,0.816074351762819
442,FALSE,110110.319806598,50166.8868132925,0.0772787875681296,0.830660520630627,0.435584842884043,1.88875231540161,0.692811162275992,0.173582820981316,0.236023896092321,-0.0442259661469856,2.15518631205023,1.92313500733926,0.828953172932014
443,FALSE,133502.404389434,53753.2236044475,0.0728268993658481,0.791713147821618,0.510999929031849,2.43775714436135,0.501790422615959,0.0974812623445959,0.231744551097184,-0.0426907339037014,2.29119129739636,1.8751938013097,0.773646624545122
444,FALSE,135331.653475693,61157.9004540985,0.0707863759022367,0.87484724249685,0.531477518952382,2.30570268712851,0.500161583817751,0.0800789045109207,0.22921858423203,-0.0667614139927717,3.05428896144922,4.06615024573939,0.679977561218145
445,FALSE,87839.0627286027,40255.4270553942,0.0811362199363417,0.785747430476675,0.407678406067739,1.85868360684569,1.18381149744834,0.418685355918009,0.231919190345627,-0.0534455570269858,1.854891116068,1.91480935408744,1.03305325621748
446,FALSE,88202.892867349,35685.5883341242,0.0729930674834018,0.790211784711456,0.392333047990012,1.8791339867609,1.18234458532677,0.258419935644539,0.226638717107054,0.00444698955695335,1.69163145652217,1.85049127290817,1.1653443852636
447,FALSE,91317.0746787024,41702.8248325709,0.0773274905148633,0.818727396286168,0.334037875762885,1.49735851675413,1.10920178377261,0.142989775266434,0.228792825962381,0.0195120600569638,1.62826138019314,2.26000256897479,0.99719863503156
448,FALSE,100923.409512427,42113.4201958303,0.0739786265732684,0.79336156038583,0.477074106932151,2.26818135067538,0.830329793413254,0.201128250784737,0.227101596455654,-0.0431371179501708,2.16476135889523,2.17089951677473,0.987476196581096
449,FALSE,79318.069893441,37638.1326223447,0.080431891300697,0.813549107050983,0.407712632070813,1.77648488020305,1.12766386655087,0.240032427432725,0.238987764419402,0.0400431057548789,1.93940030294623,1.1459043873784,1.10489009689369
450,FALSE,126848.704861527,56648.9621788524,0.0747724097687308,0.830153676574138,0.471434230867158,2.121325187349,0.588485420686168,0.182039491994481,0.226832126866021,-0.0161462546940233,2.41678175760235,2.32572342004986,0.734099944650432
451,FALSE,74745.7341943443,32137.9427434194,0.0734534483714349,0.8219180096266,0.292024071487821,1.34302800201944,1.47565132651816,0.213085576810597,0.276992521933002,0.220532128662049,1.3629075437463,0.499819226010511,1.2939845070984
452,FALSE,105353.381928093,43098.7221865373,0.0683547571269083,0.836966354319302,0.522996668601279,2.45615859401822,0.649656693210451,0.0904658216122619,0.23068552102261,-0.0571880987679565,2.63811488921944,1.96022909041758,0.964900996832573
453,FALSE,96140.7296691964,42028.4444737671,0.0741947169674864,0.818724711816362,0.48106355372321,2.23087642609699,0.722943467742842,0.0862628795264559,0.230337632801688,-0.0592713742316854,2.34323455588115,1.80871317754674,0.989472737349506
454,FALSE,84704.4775191999,35048.6228147049,0.0760631722478538,0.784866092404229,0.307411077031316,1.45752955281314,1.71632695078515,0.45359698532736,0.255877545641465,0.133586023564243,1.25564522297058,0.76879974856546,1.18652308308537
455,FALSE,104830.500347555,46872.3394022339,0.0742403544070815,0.842733690871839,0.562880722411558,2.49708677091211,0.670487066180637,0.158316289256219,0.225276648077136,-0.00817140003195913,2.91408785389121,4.18595486115566,0.887218357998535
456,FALSE,101914.822876509,42355.0061937511,0.0740319498297227,0.797867312356954,0.473922624523625,2.25737648682772,0.896499662612849,0.205193839367725,0.227247876263971,0.0044046673161982,2.15458105663953,1.44614606858449,0.981843794562717
457,FALSE,115873.137915207,50550.1630882948,0.0721309971343068,0.851874158246958,0.453695572036335,2.02472049689755,0.737455082890747,0.150926348602645,0.22608453286718,-0.0136080607882842,2.3918447886273,3.16370033283832,0.822667968990776
458,FALSE,109054.708551162,48574.8345713229,0.0728216620708466,0.843275476242334,0.437322537173429,1.97677129250437,0.703380292701013,0.111519990098489,0.230088129134395,-0.036687362862483,2.26942706974533,1.97708440028433,0.856122318624449
459,FALSE,95697.67135336,37400.047305544,0.0794340929272333,0.719000386653197,0.373427170350475,1.96503853030188,1.13701624385712,0.277644796678955,0.233831386480344,0.0526472754391033,1.3818479900081,0.73312057238743,1.11192372726853
460,TRUE,79377.3626903322,29300.1035834224,0.0793688473866339,0.689868035987392,0.131902717608239,0.752427462304426,2.72088788878381,0.649025680786788,0.369631037261407,0.438626078723775,0.430454410378404,4.49824082882501e-06,1.41931238849029
461,FALSE,78011.0013804545,33116.0742645395,0.0778245125501472,0.785362449364566,0.205787197198793,0.969861276801305,2.04205540705519,0.40904076780826,0.291508043161979,0.263121045949561,0.8579859492687,0.311212710117149,1.25576478865824
462,FALSE,89637.5523740302,37948.0556423887,0.0780103910803545,0.778518735052021,0.373716249034211,1.78039573492716,1.10655145574701,0.168094141466584,0.234322272403281,0.0506901174708348,1.62249217988159,1.47403681974672,1.09586642308882
463,FALSE,101892.025897793,43268.3163899322,0.0781266206974609,0.778813880837586,0.486764370291878,2.30712197562239,0.717792230621277,0.159380854950539,0.234605220648285,-0.00606788844068591,2.12466961418938,1.80979277297418,0.961118977341959
464,FALSE,105452.280987638,43463.5030858457,0.0736633322921642,0.785596521384041,0.446434471546984,2.19208700127964,0.767261859755646,0.125674533348648,0.23396505843015,-0.0151208144289083,1.98794284959863,2.25802686233922,0.95680276663072
465,FALSE,100447.724609195,38690.9853617515,0.0760892108748981,0.72719611035224,0.317386747379386,1.74302804841011,0.774792376692312,0.212776598603271,0.236136084279886,0.0383606257915345,1.23705385863201,1.35531687739288,1.07482400903417
466,FALSE,100538.558554591,41776.0781664109,0.0760585963551561,0.777960666752747,0.348277524744062,1.51144018965314,0.833503537357693,0.235971276039607,0.232620316365399,0.00761548649162922,1.50926478644126,1.53172215306243,0.995450071554018
467,FALSE,125985.373554701,51299.3394250719,0.0748371813505259,0.775486053541279,0.403611842074803,2.02542053643304,0.579161153257999,0.147933875847586,0.232945462377577,-0.0449846950846554,1.75962633091294,2.80287446912387,0.810653713401919
468,FALSE,136408.193709784,54134.8006221736,0.0712757209750055,0.818314810314616,0.438190062002933,2.0865074775637,0.530574546771921,0.111888540059148,0.235619742765177,-0.0349333923828025,2.14857786934216,2.67790713406145,0.768193463761764
469,FALSE,104132.416429596,41343.1717672618,0.0749864478009616,0.76653336479021,0.382378675320581,1.95471858900001,0.898850232572387,0.240627535212909,0.239327416068014,0.0553284492902184,1.59906282381275,1.60612648617362,1.00587347855421
470,FALSE,126605.563032796,52596.6284317362,0.0707208746961886,0.840186034041218,0.479116440497009,2.2260606151359,0.631738548018977,0.165219590926063,0.230707384842303,-0.0280798196535563,2.48402312782633,2.07928570550093,0.790659044884853
471,FALSE,96796.3597858464,42158.0578564011,0.0815398220809677,0.759507765261548,0.390072330096712,1.9545373189589,0.873805591467179,0.118467456459217,0.234005208268139,-0.0159402850253715,1.68461168578769,1.99627122274097,0.986430640179164
472,FALSE,115633.124373834,48156.1935195961,0.0794713544967471,0.750603121096826,0.417314072427476,1.78677200407491,0.685370059432386,0.220145115026149,0.237889324530737,0.0563933408898952,1.73663828821421,1.83245970716958,0.863564932371108
473,FALSE,174320.784772869,82412.7444774904,0.0748351866878956,0.864283345470023,0.529557705485153,2.22542792635901,0.454272295870818,0.12945582324013,0.231255247615152,-0.0422503882545373,3.10837003961654,5.86193628114257,0.504606420568344
474,FALSE,113628.558956346,47344.9532285333,0.0726370909229249,0.817151277247506,0.440557682521061,2.11113677316802,0.589421549680621,0.110161216341312,0.231099376875379,-0.0523545502123583,2.19358262850184,1.65907260374035,0.878361835088634
475,FALSE,134217.900985117,56580.4381806472,0.0757207209243534,0.78229760634431,0.427695261364608,2.10573458337661,0.525625476732449,0.1454806044718,0.232083854663267,0.00915361496654787,1.94259563618947,1.81024050470598,0.734989005691796
476,FALSE,104648.325559202,41655.9673264141,0.0757756860753493,0.76811061929017,0.366033032233289,1.8632946626044,1.07976023880237,0.319946285014985,0.230457595933277,0.0570717721556128,1.5323129446794,1.14927037716375,0.998320352859272
477,FALSE,129692.666624264,53572.6801939439,0.0740906920212489,0.789227027971725,0.504737527263311,2.48780390735438,0.499027630684903,0.175678126484459,0.229081133311802,-0.0521855092760533,2.30270254953551,3.42579210962833,0.776253863899478
478,FALSE,126902.403406037,57917.181042055,0.0700879028807049,0.886517128096724,0.504739183324851,2.24031904581017,0.495019850619782,0.158030268918238,0.238667050121075,-0.0989296462486685,3.06948175350061,2.06215609830164,0.718025277677162
479,FALSE,105995.606420768,41060.9369548535,0.0774025665834341,0.735924651291315,0.317322307110395,1.68479992866446,1.04379538717523,0.228911983013008,0.23889144117338,0.0457614568259754,1.24823326543667,1.30574195461956,1.012787410227
480,FALSE,101504.802907563,43979.5931195093,0.0775803764997797,0.790533514913545,0.40194991947141,1.93143740959214,0.767859366767687,0.145728115755412,0.228300861748087,0.00717582881170253,1.83396757142762,1.62444867022285,0.945574914415307
481,FALSE,114939.458131923,45438.833168934,0.0740969056683539,0.770732594938004,0.405949456677606,2.0745891977166,0.647325509150784,0.190308512189861,0.24389969178936,-0.0206132778129673,1.74976136742242,1.74771073078918,0.915208360333334
482,FALSE,108446.425904744,44453.1329613784,0.0771001825171311,0.771918301102174,0.374240612213681,1.76129561454271,0.949026596812788,0.28887225890633,0.237142184311549,-0.00649614607412676,1.62394139375601,1.18000356826734,0.935502117165299
483,FALSE,110599.718869526,49994.3392159412,0.0795788979911631,0.804450503212836,0.432344838147287,2.02619923195505,0.727355757817152,0.175996542225461,0.239290524065546,-0.0784120759862455,2.08635852764381,3.27990611860156,0.831814174408367
484,FALSE,111891.906686438,43669.9845590977,0.0701051362786517,0.801377349224804,0.494077227230236,2.11289255362261,0.939396559292045,0.312473717061239,0.229212789062615,0.0239650942743685,2.24431524749597,2.37276462111615,0.952278788734685
485,FALSE,81874.7981839246,35949.0648988735,0.0799416068587394,0.782501592770541,0.426424953740222,1.30680803062659,1.48518703192963,0.418990964192132,0.238420417786679,-0.0176080434258362,1.80337187821499,2.02259636670938,1.15680338604032
486,FALSE,81536.6059275896,31350.9955040745,0.0759474173459236,0.748027538611604,0.375647326572708,1.63420028507205,1.48366037147725,0.424186829710235,0.241886690088919,0.0524927047296227,1.47903872885726,0.676311905580246,1.32646505577774
487,FALSE,95490.4409273493,42674.6561151923,0.0809163521035469,0.783538708866265,0.399471103399829,1.92414165950575,1.14565985658792,0.388370771639336,0.237906310305226,0.0437114185685644,1.80296983895471,1.87334630332031,0.97448939922905
488,FALSE,105511.898714704,45379.9229958612,0.0703801761178711,0.858795686247305,0.492283879935152,2.26591635881983,0.797167559198111,0.216596297964671,0.230991518959168,-0.0454555966452955,2.70819331399863,2.0774990829734,0.91639644262492
489,FALSE,159483.638470188,57457.5482382535,0.0661705562037462,0.803008240721286,0.600414570959805,2.6145132347572,0.439855715702287,0.104080639217364,0.239641651857978,-0.0507840477306325,2.81266306229319,2.78538809502624,0.723769135215437
490,FALSE,103614.598595983,47064.6231090793,0.0758304144048053,0.826164570904204,0.425087207771209,1.93907593581877,0.845192951191328,0.249010674781135,0.239494176188571,0.00857401829822555,2.10120019969676,1.91665608772032,0.883593604980502
491,FALSE,119662.938047824,50084.7210441581,0.0719285311514216,0.808900170986013,0.526155470624004,2.58804319522116,0.615236724474999,0.125116755354216,0.232345072294757,-0.0434996692331001,2.50154267511237,2.18720990114875,0.830313100143554
492,FALSE,97378.7737381986,39872.0484307681,0.0781437049058003,0.746312081300462,0.456483832214207,2.39423772300244,0.735242209061277,0.0925022497773637,0.243602879846502,-0.0231753895434831,1.89627143168938,1.74541135451523,1.04298629332295
493,FALSE,108475.212150295,44084.3877026043,0.0747279572296849,0.788418555131045,0.403061882014239,1.95964885744939,0.880532236108473,0.162924183914897,0.246692282505832,0.0503225908434313,1.7837084500457,2.37716627961322,0.943327154287396
494,FALSE,132480.808933161,54791.3080891549,0.0726282361355163,0.797334427201556,0.588130668818656,1.98347650669595,0.617798223119078,0.212700148448549,0.234008579326557,-0.0101944774461488,2.67754697859659,2.07885588094641,0.758988997531003
495,FALSE,105097.763766768,43945.7460079366,0.0760175987533346,0.774879228109004,0.493481517776266,2.40562263981277,0.697973573328491,0.144970249784166,0.233987462223608,-0.0487737133815179,2.1305452719903,2.22040763729484,0.946303198322987
496,FALSE,103689.147503449,46832.934533745,0.0734815273635764,0.855683017990165,0.532292995556905,2.33194617404374,0.62728953755666,0.216721993043905,0.230361735019501,-0.0775847626621183,2.83529924490985,2.50661290157466,0.887964856655217
497,FALSE,89844.0090379322,38476.584224645,0.0718973990790748,0.845294110646277,0.463269759294118,2.09108214282633,0.998159860135587,0.220771056432918,0.229386700607172,-0.0210007238912958,2.31264439515867,1.40442646083649,1.08081319685762
498,FALSE,72549.2301859873,33276.3298041307,0.0784117299760885,0.814264857951583,0.407756085650657,1.71670304764671,1.26460985923472,0.410557324738956,0.242632033016193,0.0633368189108078,1.84842265257965,0.573165577743196,1.24971714863933
499,FALSE,90489.7279502534,40358.196687964,0.0716560412587976,0.846027425299305,0.484239031061294,2.02404254105129,0.864576630661827,0.280450236326679,0.228830842515731,-0.00908277871190837,2.41364000128294,0.98486586963182,1.03042265048483
500,FALSE,100341.479104042,45375.2781272876,0.073723563678986,0.827455138681305,0.584708651232681,2.33414697750375,0.841351593355057,0.233473320377974,0.228576462391247,-0.0347435157692288,2.77258457039121,1.43859494631214,0.916490250116862
